Genus_&_Specie,Time,Location,Zone,Current_Country,Habitat,Cranial_Capacity,Height,Incisor_Size,Jaw_Shape,Torus_Supraorbital,Prognathism,Foramen_MÃ¡gnum_Position,Canine Size,Canines_Shape,Tooth_Enamel,Tecno,Tecno_type,biped,Arms,Foots,Diet,Sexual_Dimorphism,Hip,Vertical_Front,Anatomy,Migrated,Skeleton
16,11,0,4,4,8,758.76,120.64,3,0,1,3,0,0,0,2,1,4,3,0,1,2,0,1,1,0,0,1
22,21,0,4,4,2,103.8,128.13,3,2,4,1,2,0,0,2,1,4,1,0,0,1,0,3,1,2,0,0
21,18,0,4,0,6,242.56,109.89,3,2,4,1,3,1,0,3,1,4,0,0,0,4,1,3,1,2,0,0
17,17,0,4,4,0,1200.62,160.38,4,4,0,0,1,1,1,6,2,3,2,2,1,0,2,2,0,3,1,1
15,22,0,4,0,8,1157.77,151.71,0,0,1,3,1,0,1,0,2,1,2,2,1,3,1,1,2,0,0,2
8,2,0,4,4,8,915.25,161.06,4,3,4,4,1,1,1,1,2,1,2,2,1,3,1,0,0,1,1,2
5,3,0,5,6,6,422.7,102.21,3,0,4,3,0,1,0,1,1,4,3,0,1,4,0,1,1,2,0,0
16,11,0,4,4,8,739.05,133.1,3,0,1,3,0,0,0,2,1,4,3,0,1,2,0,1,1,0,0,1
22,21,0,4,4,2,145.08,117.41,3,2,4,1,2,0,0,2,1,4,1,0,0,1,0,3,1,2,0,0
18,10,0,4,4,4,432.03,117.12,2,1,3,5,3,0,0,5,1,4,3,0,0,2,0,3,1,2,0,2
2,19,0,4,4,3,287.56,132.47,0,0,4,1,0,0,1,2,1,4,3,0,0,1,0,3,1,0,0,0
7,0,1,2,3,8,1098.34,167.26,4,3,2,4,1,1,1,2,2,0,2,1,1,3,1,0,0,1,1,2
6,6,2,6,7,8,954.54,166.13,1,0,2,2,1,0,1,0,2,0,2,1,1,3,1,0,0,0,1,0
6,6,2,6,7,8,1024.65,164.76,1,0,2,2,1,0,1,0,2,0,2,1,1,3,1,0,0,0,1,0
18,10,0,4,4,4,407.94,115.17,2,1,3,5,3,0,0,5,1,4,3,0,0,2,0,3,1,2,0,2
22,21,0,4,4,2,205.34,124.5,3,2,4,1,2,0,0,2,1,4,1,0,0,1,0,3,1,2,0,0
12,20,2,1,2,1,1331.16,175.36,3,3,2,4,1,1,1,4,2,1,2,1,1,0,1,2,0,3,0,2
12,20,2,1,2,1,1349.23,168.54,3,3,2,4,1,1,1,4,2,1,2,1,1,0,1,2,0,3,0,2
9,5,1,2,3,7,327.73,94.29,3,0,2,3,1,1,1,1,2,0,2,0,1,3,1,3,1,0,0,0
7,0,1,2,3,8,1089.28,154.72,4,3,2,4,1,1,1,2,2,0,2,1,1,3,1,0,0,1,1,2
6,6,2,6,7,8,963.83,177.73,1,0,2,2,1,0,1,0,2,0,2,1,1,3,1,0,0,0,1,0
8,2,0,4,4,8,915.67,165.67,4,3,4,4,1,1,1,1,2,1,2,2,1,3,1,0,0,1,1,2
14,12,2,1,2,1,1093.3,165.93,0,4,2,6,1,1,1,4,2,2,2,2,1,0,1,2,0,3,0,2
12,20,2,1,2,1,1298.82,173.99,3,3,2,4,1,1,1,4,2,1,2,1,1,0,1,2,0,3,0,2
1,14,0,5,6,3,569.95,107.79,3,2,4,3,0,1,1,2,1,4,3,0,0,1,0,3,2,2,0,0
1,14,0,5,6,3,516.89,113.66,3,2,4,3,0,1,1,2,1,4,3,0,0,1,0,3,2,2,0,0
17,17,0,4,4,0,1165.76,162.27,4,4,0,0,1,1,1,6,2,3,2,2,1,0,2,2,0,3,1,1
5,3,0,5,6,6,341.49,107.44,3,0,4,3,0,1,0,1,1,4,3,0,1,4,0,1,1,2,0,0
13,16,0,5,6,5,315.79,148.55,0,0,2,3,1,1,1,1,1,4,2,0,1,3,1,3,1,0,0,0
8,2,0,4,4,8,841.85,166.14,4,3,4,4,1,1,1,1,2,1,2,2,1,3,1,0,0,1,1,2
12,20,2,1,2,1,1272.1,180.68,3,3,2,4,1,1,1,4,2,1,2,1,1,0,1,2,0,3,0,2
9,5,1,2,3,7,330.31,106.09,3,0,2,3,1,1,1,1,2,0,2,0,1,3,1,3,1,0,0,0
21,18,0,4,0,6,231.33,107.79,3,2,4,1,3,1,0,3,1,4,0,0,0,4,1,3,1,2,0,0
3,13,0,0,5,6,267.22,124.67,3,0,4,3,0,0,0,2,1,4,3,0,0,1,0,1,1,2,0,0
21,18,0,4,0,6,241.32,111.89,3,2,4,1,3,1,0,3,1,4,0,0,0,4,1,3,1,2,0,0
8,2,0,4,4,8,898.25,154.38,4,3,4,4,1,1,1,1,2,1,2,2,1,3,1,0,0,1,1,2
23,23,0,0,5,6,154.73,84.56,3,2,4,1,2,1,0,2,1,4,1,0,0,1,0,3,1,2,0,0
20,4,0,5,6,5,549.44,110.76,2,1,3,5,3,0,0,5,1,4,3,0,0,2,0,3,1,2,0,2
14,12,2,1,2,1,1078.91,164.88,0,4,2,6,1,1,1,4,2,2,2,2,1,0,1,2,0,3,0,2
21,18,0,4,0,6,235.25,114.0,3,2,4,1,3,1,0,3,1,4,0,0,0,4,1,3,1,2,0,0
19,7,0,4,0,2,556.07,97.65,2,1,3,5,3,0,0,5,1,4,3,0,0,2,0,3,1,2,0,2
9,5,1,2,3,7,246.13,97.58,3,0,2,3,1,1,1,1,2,0,2,0,1,3,1,3,1,0,0,0
20,4,0,5,6,5,530.82,120.8,2,1,3,5,3,0,0,5,1,4,3,0,0,2,0,3,1,2,0,2
21,18,0,4,0,6,308.56,105.16,3,2,4,1,3,1,0,3,1,4,0,0,0,4,1,3,1,2,0,0
18,10,0,4,4,4,433.83,122.66,2,1,3,5,3,0,0,5,1,4,3,0,0,2,0,3,1,2,0,2
13,16,0,5,6,5,357.25,145.07,0,0,2,3,1,1,1,1,1,4,2,0,1,3,1,3,1,0,0,0
8,2,0,4,4,8,915.1,152.19,4,3,4,4,1,1,1,1,2,1,2,2,1,3,1,0,0,1,1,2
10,1,1,3,1,8,750.71,149.46,1,0,4,2,0,1,1,1,2,0,2,1,1,3,1,0,0,1,1,2
0,15,0,4,4,6,334.97,130.85,0,0,4,1,0,0,1,2,1,4,3,0,1,1,0,1,1,2,0,1
11,9,0,4,0,8,795.02,136.76,3,0,2,2,0,1,1,1,2,0,2,1,1,3,1,0,2,1,1,2
19,7,0,4,0,2,433.3,111.68,2,1,3,5,3,0,0,5,1,4,3,0,0,2,0,3,1,2,0,2
6,6,2,6,7,8,1069.34,167.76,1,0,2,2,1,0,1,0,2,0,2,1,1,3,1,0,0,0,1,0
3,13,0,0,5,6,236.74,113.61,3,0,4,3,0,0,0,2,1,4,3,0,0,1,0,1,1,2,0,0
9,5,1,2,3,7,290.85,92.84,3,0,2,3,1,1,1,1,2,0,2,0,1,3,1,3,1,0,0,0
23,23,0,0,5,6,114.2,97.59,3,2,4,1,2,1,0,2,1,4,1,0,0,1,0,3,1,2,0,0
10,1,1,3,1,8,736.69,146.2,1,0,4,2,0,1,1,1,2,0,2,1,1,3,1,0,0,1,1,2
16,11,0,4,4,8,711.39,125.46,3,0,1,3,0,0,0,2,1,4,3,0,1,2,0,1,1,0,0,1
17,17,0,4,4,0,1239.88,179.89,4,4,0,0,1,1,1,6,2,3,2,2,1,0,2,2,0,3,1,1
6,6,2,6,7,8,964.09,164.92,1,0,2,2,1,0,1,0,2,0,2,1,1,3,1,0,0,0,1,0
23,23,0,0,5,6,135.57,91.12,3,2,4,1,2,1,0,2,1,4,1,0,0,1,0,3,1,2,0,0
19,7,0,4,0,2,474.03,105.05,2,1,3,5,3,0,0,5,1,4,3,0,0,2,0,3,1,2,0,2
17,17,0,4,4,0,1294.4,171.53,4,4,0,0,1,1,1,6,2,3,2,2,1,0,2,2,0,3,1,1
0,15,0,4,4,6,318.04,129.14,0,0,4,1,0,0,1,2,1,4,3,0,1,1,0,1,1,2,0,1
5,3,0,5,6,6,428.95,109.72,3,0,4,3,0,1,0,1,1,4,3,0,1,4,0,1,1,2,0,0
7,0,1,2,3,8,996.27,168.12,4,3,2,4,1,1,1,2,2,0,2,1,1,3,1,0,0,1,1,2
1,14,0,5,6,3,518.99,105.64,3,2,4,3,0,1,1,2,1,4,3,0,0,1,0,3,2,2,0,0
15,22,0,4,0,8,1081.39,152.33,0,0,1,3,1,0,1,0,2,1,2,2,1,3,1,1,2,0,0,2
19,7,0,4,0,2,519.36,105.94,2,1,3,5,3,0,0,5,1,4,3,0,0,2,0,3,1,2,0,2
23,23,0,0,5,6,92.69,92.59,3,2,4,1,2,1,0,2,1,4,1,0,0,1,0,3,1,2,0,0
19,7,0,4,0,2,504.3,108.15,2,1,3,5,3,0,0,5,1,4,3,0,0,2,0,3,1,2,0,2
21,18,0,4,0,6,363.73,114.78,3,2,4,1,3,1,0,3,1,4,0,0,0,4,1,3,1,2,0,0
13,16,0,5,6,5,370.28,144.33,0,0,2,3,1,1,1,1,1,4,2,0,1,3,1,3,1,0,0,0
1,14,0,5,6,3,515.27,119.89,3,2,4,3,0,1,1,2,1,4,3,0,0,1,0,3,2,2,0,0
1,14,0,5,6,3,576.8,108.05,3,2,4,3,0,1,1,2,1,4,3,0,0,1,0,3,2,2,0,0
9,5,1,2,3,7,349.21,101.96,3,0,2,3,1,1,1,1,2,0,2,0,1,3,1,3,1,0,0,0
14,12,2,1,2,1,1100.49,157.5,0,4,2,6,1,1,1,4,2,2,2,2,1,0,1,2,0,3,0,2
14,12,2,1,2,1,1104.02,165.03,0,4,2,6,1,1,1,4,2,2,2,2,1,0,1,2,0,3,0,2
23,23,0,0,5,6,115.91,82.87,3,2,4,1,2,1,0,2,1,4,1,0,0,1,0,3,1,2,0,0
1,14,0,5,6,3,576.69,100.29,3,2,4,3,0,1,1,2,1,4,3,0,0,1,0,3,2,2,0,0
0,15,0,4,4,6,290.4,122.75,0,0,4,1,0,0,1,2,1,4,3,0,1,1,0,1,1,2,0,1
5,3,0,5,6,6,465.18,106.19,3,0,4,3,0,1,0,1,1,4,3,0,1,4,0,1,1,2,0,0
18,10,0,4,4,4,461.76,123.56,2,1,3,5,3,0,0,5,1,4,3,0,0,2,0,3,1,2,0,2
5,3,0,5,6,6,459.11,102.38,3,0,4,3,0,1,0,1,1,4,3,0,1,4,0,1,1,2,0,0
7,0,1,2,3,8,1038.71,166.62,4,3,2,4,1,1,1,2,2,0,2,1,1,3,1,0,0,1,1,2
13,16,0,5,6,5,364.2,144.27,0,0,2,3,1,1,1,1,1,4,2,0,1,3,1,3,1,0,0,0
17,17,0,4,4,0,1222.42,176.87,4,4,0,0,1,1,1,6,2,3,2,2,1,0,2,2,0,3,1,1
16,11,0,4,4,8,626.08,138.94,3,0,1,3,0,0,0,2,1,4,3,0,1,2,0,1,1,0,0,1
8,2,0,4,4,8,908.83,154.44,4,3,4,4,1,1,1,1,2,1,2,2,1,3,1,0,0,1,1,2
12,20,2,1,2,1,1265.43,172.91,3,3,2,4,1,1,1,4,2,1,2,1,1,0,1,2,0,3,0,2
4,8,0,4,0,6,343.62,115.4,0,0,4,3,0,0,0,2,0,5,3,0,1,3,0,1,1,2,0,0
14,12,2,1,2,1,1095.96,149.8,0,4,2,6,1,1,1,4,2,2,2,2,1,0,1,2,0,3,0,2
22,21,0,4,4,2,176.37,125.23,3,2,4,1,2,0,0,2,1,4,1,0,0,1,0,3,1,2,0,0
1,14,0,5,6,3,584.07,117.34,3,2,4,3,0,1,1,2,1,4,3,0,0,1,0,3,2,2,0,0
0,15,0,4,4,6,357.61,127.47,0,0,4,1,0,0,1,2,1,4,3,0,1,1,0,1,1,2,0,1
15,22,0,4,0,8,1087.82,141.94,0,0,1,3,1,0,1,0,2,1,2,2,1,3,1,1,2,0,0,2
22,21,0,4,4,2,94.48,115.62,3,2,4,1,2,0,0,2,1,4,1,0,0,1,0,3,1,2,0,0
4,8,0,4,0,6,416.12,112.43,0,0,4,3,0,0,0,2,0,5,3,0,1,3,0,1,1,2,0,0
21,18,0,4,0,6,261.94,107.49,3,2,4,1,3,1,0,3,1,4,0,0,0,4,1,3,1,2,0,0
12,20,2,1,2,1,1252.35,182.96,3,3,2,4,1,1,1,4,2,1,2,1,1,0,1,2,0,3,0,2
2,19,0,4,4,3,283.47,130.93,0,0,4,1,0,0,1,2,1,4,3,0,0,1,0,3,1,0,0,0
9,5,1,2,3,7,283.47,93.82,3,0,2,3,1,1,1,1,2,0,2,0,1,3,1,3,1,0,0,0
5,3,0,5,6,6,345.44,115.27,3,0,4,3,0,1,0,1,1,4,3,0,1,4,0,1,1,2,0,0
2,19,0,4,4,3,307.37,123.67,0,0,4,1,0,0,1,2,1,4,3,0,0,1,0,3,1,0,0,0
11,9,0,4,0,8,749.69,137.65,3,0,2,2,0,1,1,1,2,0,2,1,1,3,1,0,2,1,1,2
19,7,0,4,0,2,567.7,103.45,2,1,3,5,3,0,0,5,1,4,3,0,0,2,0,3,1,2,0,2
0,15,0,4,4,6,330.0,130.64,0,0,4,1,0,0,1,2,1,4,3,0,1,1,0,1,1,2,0,1
0,15,0,4,4,6,309.31,130.46,0,0,4,1,0,0,1,2,1,4,3,0,1,1,0,1,1,2,0,1
17,17,0,4,4,0,1269.32,164.79,4,4,0,0,1,1,1,6,2,3,2,2,1,0,2,2,0,3,1,1
3,13,0,0,5,6,310.25,112.98,3,0,4,3,0,0,0,2,1,4,3,0,0,1,0,1,1,2,0,0
0,15,0,4,4,6,292.84,136.77,0,0,4,1,0,0,1,2,1,4,3,0,1,1,0,1,1,2,0,1
8,2,0,4,4,8,780.73,164.52,4,3,4,4,1,1,1,1,2,1,2,2,1,3,1,0,0,1,1,2
1,14,0,5,6,3,578.31,117.4,3,2,4,3,0,1,1,2,1,4,3,0,0,1,0,3,2,2,0,0
17,17,0,4,4,0,1274.96,162.3,4,4,0,0,1,1,1,6,2,3,2,2,1,0,2,2,0,3,1,1
17,17,0,4,4,0,1278.85,168.12,4,4,0,0,1,1,1,6,2,3,2,2,1,0,2,2,0,3,1,1
3,13,0,0,5,6,311.44,121.02,3,0,4,3,0,0,0,2,1,4,3,0,0,1,0,1,1,2,0,0
23,23,0,0,5,6,150.09,88.93,3,2,4,1,2,1,0,2,1,4,1,0,0,1,0,3,1,2,0,0
7,0,1,2,3,8,991.66,163.78,4,3,2,4,1,1,1,2,2,0,2,1,1,3,1,0,0,1,1,2
22,21,0,4,4,2,146.17,126.65,3,2,4,1,2,0,0,2,1,4,1,0,0,1,0,3,1,2,0,0
13,16,0,5,6,5,329.08,144.24,0,0,2,3,1,1,1,1,1,4,2,0,1,3,1,3,1,0,0,0
14,12,2,1,2,1,1155.51,164.9,0,4,2,6,1,1,1,4,2,2,2,2,1,0,1,2,0,3,0,2
16,11,0,4,4,8,662.19,136.4,3,0,1,3,0,0,0,2,1,4,3,0,1,2,0,1,1,0,0,1
10,1,1,3,1,8,746.05,157.59,1,0,4,2,0,1,1,1,2,0,2,1,1,3,1,0,0,1,1,2
2,19,0,4,4,3,401.04,119.02,0,0,4,1,0,0,1,2,1,4,3,0,0,1,0,3,1,0,0,0
6,6,2,6,7,8,984.1,168.42,1,0,2,2,1,0,1,0,2,0,2,1,1,3,1,0,0,0,1,0
12,20,2,1,2,1,1307.96,180.51,3,3,2,4,1,1,1,4,2,1,2,1,1,0,1,2,0,3,0,2
16,11,0,4,4,8,650.17,131.14,3,0,1,3,0,0,0,2,1,4,3,0,1,2,0,1,1,0,0,1
2,19,0,4,4,3,408.58,130.19,0,0,4,1,0,0,1,2,1,4,3,0,0,1,0,3,1,0,0,0
6,6,2,6,7,8,1044.12,178.89,1,0,2,2,1,0,1,0,2,0,2,1,1,3,1,0,0,0,1,0
2,19,0,4,4,3,287.3,129.1,0,0,4,1,0,0,1,2,1,4,3,0,0,1,0,3,1,0,0,0
18,10,0,4,4,4,469.37,111.85,2,1,3,5,3,0,0,5,1,4,3,0,0,2,0,3,1,2,0,2
5,3,0,5,6,6,442.92,114.87,3,0,4,3,0,1,0,1,1,4,3,0,1,4,0,1,1,2,0,0
22,21,0,4,4,2,210.93,116.79,3,2,4,1,2,0,0,2,1,4,1,0,0,1,0,3,1,2,0,0
20,4,0,5,6,5,527.3,122.64,2,1,3,5,3,0,0,5,1,4,3,0,0,2,0,3,1,2,0,2
15,22,0,4,0,8,1117.53,152.81,0,0,1,3,1,0,1,0,2,1,2,2,1,3,1,1,2,0,0,2
11,9,0,4,0,8,728.41,137.07,3,0,2,2,0,1,1,1,2,0,2,1,1,3,1,0,2,1,1,2
20,4,0,5,6,5,517.16,129.68,2,1,3,5,3,0,0,5,1,4,3,0,0,2,0,3,1,2,0,2
18,10,0,4,4,4,416.15,121.79,2,1,3,5,3,0,0,5,1,4,3,0,0,2,0,3,1,2,0,2
1,14,0,5,6,3,522.65,112.36,3,2,4,3,0,1,1,2,1,4,3,0,0,1,0,3,2,2,0,0
1,14,0,5,6,3,521.09,116.59,3,2,4,3,0,1,1,2,1,4,3,0,0,1,0,3,2,2,0,0
2,19,0,4,4,3,293.75,128.51,0,0,4,1,0,0,1,2,1,4,3,0,0,1,0,3,1,0,0,0
0,15,0,4,4,6,334.27,126.05,0,0,4,1,0,0,1,2,1,4,3,0,1,1,0,1,1,2,0,1
13,16,0,5,6,5,304.55,135.03,0,0,2,3,1,1,1,1,1,4,2,0,1,3,1,3,1,0,0,0
9,5,1,2,3,7,360.64,107.66,3,0,2,3,1,1,1,1,2,0,2,0,1,3,1,3,1,0,0,0
21,18,0,4,0,6,280.28,117.42,3,2,4,1,3,1,0,3,1,4,0,0,0,4,1,3,1,2,0,0
5,3,0,5,6,6,361.45,118.09,3,0,4,3,0,1,0,1,1,4,3,0,1,4,0,1,1,2,0,0
18,10,0,4,4,4,485.51,114.47,2,1,3,5,3,0,0,5,1,4,3,0,0,2,0,3,1,2,0,2
3,13,0,0,5,6,288.63,114.65,3,0,4,3,0,0,0,2,1,4,3,0,0,1,0,1,1,2,0,0
15,22,0,4,0,8,1052.32,147.81,0,0,1,3,1,0,1,0,2,1,2,2,1,3,1,1,2,0,0,2
20,4,0,5,6,5,560.32,119.73,2,1,3,5,3,0,0,5,1,4,3,0,0,2,0,3,1,2,0,2
15,22,0,4,0,8,1154.62,144.75,0,0,1,3,1,0,1,0,2,1,2,2,1,3,1,1,2,0,0,2
9,5,1,2,3,7,237.5,101.16,3,0,2,3,1,1,1,1,2,0,2,0,1,3,1,3,1,0,0,0
17,17,0,4,4,0,1245.78,162.17,4,4,0,0,1,1,1,6,2,3,2,2,1,0,2,2,0,3,1,1
16,11,0,4,4,8,649.78,137.96,3,0,1,3,0,0,0,2,1,4,3,0,1,2,0,1,1,0,0,1
12,20,2,1,2,1,1269.75,167.97,3,3,2,4,1,1,1,4,2,1,2,1,1,0,1,2,0,3,0,2
2,19,0,4,4,3,286.03,126.74,0,0,4,1,0,0,1,2,1,4,3,0,0,1,0,3,1,0,0,0
13,16,0,5,6,5,336.38,144.46,0,0,2,3,1,1,1,1,1,4,2,0,1,3,1,3,1,0,0,0
6,6,2,6,7,8,952.72,170.41,1,0,2,2,1,0,1,0,2,0,2,1,1,3,1,0,0,0,1,0
14,12,2,1,2,1,1093.42,167.9,0,4,2,6,1,1,1,4,2,2,2,2,1,0,1,2,0,3,0,2
1,14,0,5,6,3,521.71,110.96,3,2,4,3,0,1,1,2,1,4,3,0,0,1,0,3,2,2,0,0
16,11,0,4,4,8,720.69,129.53,3,0,1,3,0,0,0,2,1,4,3,0,1,2,0,1,1,0,0,1
1,14,0,5,6,3,507.67,110.26,3,2,4,3,0,1,1,2,1,4,3,0,0,1,0,3,2,2,0,0
5,3,0,5,6,6,433.96,121.62,3,0,4,3,0,1,0,1,1,4,3,0,1,4,0,1,1,2,0,0
10,1,1,3,1,8,671.17,145.27,1,0,4,2,0,1,1,1,2,0,2,1,1,3,1,0,0,1,1,2
13,16,0,5,6,5,290.24,146.94,0,0,2,3,1,1,1,1,1,4,2,0,1,3,1,3,1,0,0,0
9,5,1,2,3,7,272.57,105.0,3,0,2,3,1,1,1,1,2,0,2,0,1,3,1,3,1,0,0,0
11,9,0,4,0,8,779.49,130.78,3,0,2,2,0,1,1,1,2,0,2,1,1,3,1,0,2,1,1,2
3,13,0,0,5,6,281.93,126.07,3,0,4,3,0,0,0,2,1,4,3,0,0,1,0,1,1,2,0,0
19,7,0,4,0,2,443.36,98.61,2,1,3,5,3,0,0,5,1,4,3,0,0,2,0,3,1,2,0,2
7,0,1,2,3,8,1063.75,167.29,4,3,2,4,1,1,1,2,2,0,2,1,1,3,1,0,0,1,1,2
13,16,0,5,6,5,414.86,136.83,0,0,2,3,1,1,1,1,1,4,2,0,1,3,1,3,1,0,0,0
23,23,0,0,5,6,149.41,94.88,3,2,4,1,2,1,0,2,1,4,1,0,0,1,0,3,1,2,0,0
1,14,0,5,6,3,590.09,112.48,3,2,4,3,0,1,1,2,1,4,3,0,0,1,0,3,2,2,0,0
13,16,0,5,6,5,360.48,149.76,0,0,2,3,1,1,1,1,1,4,2,0,1,3,1,3,1,0,0,0
23,23,0,0,5,6,116.4,86.44,3,2,4,1,2,1,0,2,1,4,1,0,0,1,0,3,1,2,0,0
18,10,0,4,4,4,412.19,123.75,2,1,3,5,3,0,0,5,1,4,3,0,0,2,0,3,1,2,0,2
4,8,0,4,0,6,376.38,131.84,0,0,4,3,0,0,0,2,0,5,3,0,1,3,0,1,1,2,0,0
1,14,0,5,6,3,596.13,102.1,3,2,4,3,0,1,1,2,1,4,3,0,0,1,0,3,2,2,0,0
2,19,0,4,4,3,310.54,125.18,0,0,4,1,0,0,1,2,1,4,3,0,0,1,0,3,1,0,0,0
23,23,0,0,5,6,146.08,90.65,3,2,4,1,2,1,0,2,1,4,1,0,0,1,0,3,1,2,0,0
23,23,0,0,5,6,84.15,86.03,3,2,4,1,2,1,0,2,1,4,1,0,0,1,0,3,1,2,0,0
8,2,0,4,4,8,861.19,159.36,4,3,4,4,1,1,1,1,2,1,2,2,1,3,1,0,0,1,1,2
19,7,0,4,0,2,535.06,100.18,2,1,3,5,3,0,0,5,1,4,3,0,0,2,0,3,1,2,0,2
23,23,0,0,5,6,215.34,88.55,3,2,4,1,2,1,0,2,1,4,1,0,0,1,0,3,1,2,0,0
17,17,0,4,4,0,1253.71,161.75,4,4,0,0,1,1,1,6,2,3,2,2,1,0,2,2,0,3,1,1
7,0,1,2,3,8,1071.8,152.66,4,3,2,4,1,1,1,2,2,0,2,1,1,3,1,0,0,1,1,2
16,11,0,4,4,8,643.07,126.15,3,0,1,3,0,0,0,2,1,4,3,0,1,2,0,1,1,0,0,1
1,14,0,5,6,3,594.62,108.37,3,2,4,3,0,1,1,2,1,4,3,0,0,1,0,3,2,2,0,0
11,9,0,4,0,8,732.5,129.29,3,0,2,2,0,1,1,1,2,0,2,1,1,3,1,0,2,1,1,2
3,13,0,0,5,6,282.97,112.09,3,0,4,3,0,0,0,2,1,4,3,0,0,1,0,1,1,2,0,0
23,23,0,0,5,6,171.66,98.74,3,2,4,1,2,1,0,2,1,4,1,0,0,1,0,3,1,2,0,0
23,23,0,0,5,6,169.4,97.28,3,2,4,1,2,1,0,2,1,4,1,0,0,1,0,3,1,2,0,0
9,5,1,2,3,7,259.17,99.58,3,0,2,3,1,1,1,1,2,0,2,0,1,3,1,3,1,0,0,0
18,10,0,4,4,4,504.66,121.96,2,1,3,5,3,0,0,5,1,4,3,0,0,2,0,3,1,2,0,2
23,23,0,0,5,6,184.98,98.26,3,2,4,1,2,1,0,2,1,4,1,0,0,1,0,3,1,2,0,0
4,8,0,4,0,6,350.52,121.78,0,0,4,3,0,0,0,2,0,5,3,0,1,3,0,1,1,2,0,0
2,19,0,4,4,3,397.59,121.02,0,0,4,1,0,0,1,2,1,4,3,0,0,1,0,3,1,0,0,0
15,22,0,4,0,8,1084.64,143.3,0,0,1,3,1,0,1,0,2,1,2,2,1,3,1,1,2,0,0,2
20,4,0,5,6,5,506.87,115.55,2,1,3,5,3,0,0,5,1,4,3,0,0,2,0,3,1,2,0,2
0,15,0,4,4,6,339.39,128.59,0,0,4,1,0,0,1,2,1,4,3,0,1,1,0,1,1,2,0,1
22,21,0,4,4,2,113.45,119.44,3,2,4,1,2,0,0,2,1,4,1,0,0,1,0,3,1,2,0,0
5,3,0,5,6,6,435.59,110.23,3,0,4,3,0,1,0,1,1,4,3,0,1,4,0,1,1,2,0,0
21,18,0,4,0,6,344.1,118.67,3,2,4,1,3,1,0,3,1,4,0,0,0,4,1,3,1,2,0,0
19,7,0,4,0,2,465.09,113.12,2,1,3,5,3,0,0,5,1,4,3,0,0,2,0,3,1,2,0,2
14,12,2,1,2,1,1138.23,161.05,0,4,2,6,1,1,1,4,2,2,2,2,1,0,1,2,0,3,0,2
10,1,1,3,1,8,737.7,156.99,1,0,4,2,0,1,1,1,2,0,2,1,1,3,1,0,0,1,1,2
12,20,2,1,2,1,1330.38,172.82,3,3,2,4,1,1,1,4,2,1,2,1,1,0,1,2,0,3,0,2
18,10,0,4,4,4,512.04,116.24,2,1,3,5,3,0,0,5,1,4,3,0,0,2,0,3,1,2,0,2
16,11,0,4,4,8,725.8,123.62,3,0,1,3,0,0,0,2,1,4,3,0,1,2,0,1,1,0,0,1
16,11,0,4,4,8,625.67,129.44,3,0,1,3,0,0,0,2,1,4,3,0,1,2,0,1,1,0,0,1
15,22,0,4,0,8,1085.97,144.75,0,0,1,3,1,0,1,0,2,1,2,2,1,3,1,1,2,0,0,2
9,5,1,2,3,7,325.74,97.49,3,0,2,3,1,1,1,1,2,0,2,0,1,3,1,3,1,0,0,0
13,16,0,5,6,5,370.34,150.64,0,0,2,3,1,1,1,1,1,4,2,0,1,3,1,3,1,0,0,0
20,4,0,5,6,5,470.51,124.4,2,1,3,5,3,0,0,5,1,4,3,0,0,2,0,3,1,2,0,2
13,16,0,5,6,5,380.52,151.4,0,0,2,3,1,1,1,1,1,4,2,0,1,3,1,3,1,0,0,0
16,11,0,4,4,8,656.35,122.38,3,0,1,3,0,0,0,2,1,4,3,0,1,2,0,1,1,0,0,1
10,1,1,3,1,8,773.27,151.38,1,0,4,2,0,1,1,1,2,0,2,1,1,3,1,0,0,1,1,2
7,0,1,2,3,8,1032.89,157.89,4,3,2,4,1,1,1,2,2,0,2,1,1,3,1,0,0,1,1,2
8,2,0,4,4,8,786.9,168.71,4,3,4,4,1,1,1,1,2,1,2,2,1,3,1,0,0,1,1,2
5,3,0,5,6,6,430.47,107.36,3,0,4,3,0,1,0,1,1,4,3,0,1,4,0,1,1,2,0,0
17,17,0,4,4,0,1218.3,170.32,4,4,0,0,1,1,1,6,2,3,2,2,1,0,2,2,0,3,1,1
7,0,1,2,3,8,1052.93,152.36,4,3,2,4,1,1,1,2,2,0,2,1,1,3,1,0,0,1,1,2
16,11,0,4,4,8,693.42,122.8,3,0,1,3,0,0,0,2,1,4,3,0,1,2,0,1,1,0,0,1
7,0,1,2,3,8,1087.69,151.02,4,3,2,4,1,1,1,2,2,0,2,1,1,3,1,0,0,1,1,2
4,8,0,4,0,6,310.22,127.65,0,0,4,3,0,0,0,2,0,5,3,0,1,3,0,1,1,2,0,0
17,17,0,4,4,0,1241.13,169.74,4,4,0,0,1,1,1,6,2,3,2,2,1,0,2,2,0,3,1,1
5,3,0,5,6,6,469.33,103.54,3,0,4,3,0,1,0,1,1,4,3,0,1,4,0,1,1,2,0,0
2,19,0,4,4,3,276.07,119.81,0,0,4,1,0,0,1,2,1,4,3,0,0,1,0,3,1,0,0,0
15,22,0,4,0,8,1080.89,153.09,0,0,1,3,1,0,1,0,2,1,2,2,1,3,1,1,2,0,0,2
13,16,0,5,6,5,411.28,144.36,0,0,2,3,1,1,1,1,1,4,2,0,1,3,1,3,1,0,0,0
3,13,0,0,5,6,354.28,124.69,3,0,4,3,0,0,0,2,1,4,3,0,0,1,0,1,1,2,0,0
8,2,0,4,4,8,880.68,153.45,4,3,4,4,1,1,1,1,2,1,2,2,1,3,1,0,0,1,1,2
20,4,0,5,6,5,492.26,126.11,2,1,3,5,3,0,0,5,1,4,3,0,0,2,0,3,1,2,0,2
20,4,0,5,6,5,460.39,114.46,2,1,3,5,3,0,0,5,1,4,3,0,0,2,0,3,1,2,0,2
10,1,1,3,1,8,761.01,156.5,1,0,4,2,0,1,1,1,2,0,2,1,1,3,1,0,0,1,1,2
1,14,0,5,6,3,489.15,103.54,3,2,4,3,0,1,1,2,1,4,3,0,0,1,0,3,2,2,0,0
18,10,0,4,4,4,505.78,113.69,2,1,3,5,3,0,0,5,1,4,3,0,0,2,0,3,1,2,0,2
1,14,0,5,6,3,531.82,113.82,3,2,4,3,0,1,1,2,1,4,3,0,0,1,0,3,2,2,0,0
21,18,0,4,0,6,277.01,118.64,3,2,4,1,3,1,0,3,1,4,0,0,0,4,1,3,1,2,0,0
11,9,0,4,0,8,681.79,130.2,3,0,2,2,0,1,1,1,2,0,2,1,1,3,1,0,2,1,1,2
10,1,1,3,1,8,669.31,149.55,1,0,4,2,0,1,1,1,2,0,2,1,1,3,1,0,0,1,1,2
4,8,0,4,0,6,319.62,128.81,0,0,4,3,0,0,0,2,0,5,3,0,1,3,0,1,1,2,0,0
8,2,0,4,4,8,795.13,161.1,4,3,4,4,1,1,1,1,2,1,2,2,1,3,1,0,0,1,1,2
3,13,0,0,5,6,319.48,124.01,3,0,4,3,0,0,0,2,1,4,3,0,0,1,0,1,1,2,0,0
22,21,0,4,4,2,160.48,120.79,3,2,4,1,2,0,0,2,1,4,1,0,0,1,0,3,1,2,0,0
16,11,0,4,4,8,657.68,127.29,3,0,1,3,0,0,0,2,1,4,3,0,1,2,0,1,1,0,0,1
18,10,0,4,4,4,444.88,124.05,2,1,3,5,3,0,0,5,1,4,3,0,0,2,0,3,1,2,0,2
12,20,2,1,2,1,1232.39,184.5,3,3,2,4,1,1,1,4,2,1,2,1,1,0,1,2,0,3,0,2
10,1,1,3,1,8,785.81,151.28,1,0,4,2,0,1,1,1,2,0,2,1,1,3,1,0,0,1,1,2
6,6,2,6,7,8,1010.52,166.1,1,0,2,2,1,0,1,0,2,0,2,1,1,3,1,0,0,0,1,0
16,11,0,4,4,8,711.77,126.21,3,0,1,3,0,0,0,2,1,4,3,0,1,2,0,1,1,0,0,1
8,2,0,4,4,8,894.41,159.61,4,3,4,4,1,1,1,1,2,1,2,2,1,3,1,0,0,1,1,2
10,1,1,3,1,8,718.65,157.56,1,0,4,2,0,1,1,1,2,0,2,1,1,3,1,0,0,1,1,2
0,15,0,4,4,6,315.99,136.04,0,0,4,1,0,0,1,2,1,4,3,0,1,1,0,1,1,2,0,1
6,6,2,6,7,8,1070.06,160.77,1,0,2,2,1,0,1,0,2,0,2,1,1,3,1,0,0,0,1,0
6,6,2,6,7,8,965.01,177.3,1,0,2,2,1,0,1,0,2,0,2,1,1,3,1,0,0,0,1,0
14,12,2,1,2,1,1096.89,150.84,0,4,2,6,1,1,1,4,2,2,2,2,1,0,1,2,0,3,0,2
21,18,0,4,0,6,259.13,113.33,3,2,4,1,3,1,0,3,1,4,0,0,0,4,1,3,1,2,0,0
17,17,0,4,4,0,1273.35,177.45,4,4,0,0,1,1,1,6,2,3,2,2,1,0,2,2,0,3,1,1
17,17,0,4,4,0,1180.05,176.7,4,4,0,0,1,1,1,6,2,3,2,2,1,0,2,2,0,3,1,1
9,5,1,2,3,7,309.52,109.79,3,0,2,3,1,1,1,1,2,0,2,0,1,3,1,3,1,0,0,0
22,21,0,4,4,2,167.43,119.24,3,2,4,1,2,0,0,2,1,4,1,0,0,1,0,3,1,2,0,0
15,22,0,4,0,8,1127.66,144.69,0,0,1,3,1,0,1,0,2,1,2,2,1,3,1,1,2,0,0,2
5,3,0,5,6,6,363.67,106.93,3,0,4,3,0,1,0,1,1,4,3,0,1,4,0,1,1,2,0,0
18,10,0,4,4,4,416.48,117.2,2,1,3,5,3,0,0,5,1,4,3,0,0,2,0,3,1,2,0,2
17,17,0,4,4,0,1279.94,165.37,4,4,0,0,1,1,1,6,2,3,2,2,1,0,2,2,0,3,1,1
21,18,0,4,0,6,349.74,119.17,3,2,4,1,3,1,0,3,1,4,0,0,0,4,1,3,1,2,0,0
18,10,0,4,4,4,419.64,114.76,2,1,3,5,3,0,0,5,1,4,3,0,0,2,0,3,1,2,0,2
5,3,0,5,6,6,452.72,105.5,3,0,4,3,0,1,0,1,1,4,3,0,1,4,0,1,1,2,0,0
8,2,0,4,4,8,827.88,165.05,4,3,4,4,1,1,1,1,2,1,2,2,1,3,1,0,0,1,1,2
21,18,0,4,0,6,350.3,100.33,3,2,4,1,3,1,0,3,1,4,0,0,0,4,1,3,1,2,0,0
13,16,0,5,6,5,407.41,149.72,0,0,2,3,1,1,1,1,1,4,2,0,1,3,1,3,1,0,0,0
3,13,0,0,5,6,316.55,111.62,3,0,4,3,0,0,0,2,1,4,3,0,0,1,0,1,1,2,0,0
4,8,0,4,0,6,427.5,117.41,0,0,4,3,0,0,0,2,0,5,3,0,1,3,0,1,1,2,0,0
8,2,0,4,4,8,875.91,159.48,4,3,4,4,1,1,1,1,2,1,2,2,1,3,1,0,0,1,1,2
14,12,2,1,2,1,1083.78,159.32,0,4,2,6,1,1,1,4,2,2,2,2,1,0,1,2,0,3,0,2
13,16,0,5,6,5,415.04,142.63,0,0,2,3,1,1,1,1,1,4,2,0,1,3,1,3,1,0,0,0
11,9,0,4,0,8,803.07,126.8,3,0,2,2,0,1,1,1,2,0,2,1,1,3,1,0,2,1,1,2
9,5,1,2,3,7,351.97,101.64,3,0,2,3,1,1,1,1,2,0,2,0,1,3,1,3,1,0,0,0
23,23,0,0,5,6,140.52,99.79,3,2,4,1,2,1,0,2,1,4,1,0,0,1,0,3,1,2,0,0
3,13,0,0,5,6,248.02,117.68,3,0,4,3,0,0,0,2,1,4,3,0,0,1,0,1,1,2,0,0
0,15,0,4,4,6,355.95,139.36,0,0,4,1,0,0,1,2,1,4,3,0,1,1,0,1,1,2,0,1
2,19,0,4,4,3,347.19,130.67,0,0,4,1,0,0,1,2,1,4,3,0,0,1,0,3,1,0,0,0
2,19,0,4,4,3,404.5,124.55,0,0,4,1,0,0,1,2,1,4,3,0,0,1,0,3,1,0,0,0
16,11,0,4,4,8,625.61,129.53,3,0,1,3,0,0,0,2,1,4,3,0,1,2,0,1,1,0,0,1
9,5,1,2,3,7,337.44,99.02,3,0,2,3,1,1,1,1,2,0,2,0,1,3,1,3,1,0,0,0
6,6,2,6,7,8,953.03,166.9,1,0,2,2,1,0,1,0,2,0,2,1,1,3,1,0,0,0,1,0
11,9,0,4,0,8,792.95,138.58,3,0,2,2,0,1,1,1,2,0,2,1,1,3,1,0,2,1,1,2
0,15,0,4,4,6,390.6,137.95,0,0,4,1,0,0,1,2,1,4,3,0,1,1,0,1,1,2,0,1
12,20,2,1,2,1,1356.0,169.69,3,3,2,4,1,1,1,4,2,1,2,1,1,0,1,2,0,3,0,2
12,20,2,1,2,1,1338.16,177.76,3,3,2,4,1,1,1,4,2,1,2,1,1,0,1,2,0,3,0,2
5,3,0,5,6,6,343.21,117.45,3,0,4,3,0,1,0,1,1,4,3,0,1,4,0,1,1,2,0,0
3,13,0,0,5,6,293.03,119.44,3,0,4,3,0,0,0,2,1,4,3,0,0,1,0,1,1,2,0,0
19,7,0,4,0,2,480.74,95.14,2,1,3,5,3,0,0,5,1,4,3,0,0,2,0,3,1,2,0,2
21,18,0,4,0,6,231.16,112.95,3,2,4,1,3,1,0,3,1,4,0,0,0,4,1,3,1,2,0,0
15,22,0,4,0,8,1053.18,145.64,0,0,1,3,1,0,1,0,2,1,2,2,1,3,1,1,2,0,0,2
3,13,0,0,5,6,351.15,112.12,3,0,4,3,0,0,0,2,1,4,3,0,0,1,0,1,1,2,0,0
18,10,0,4,4,4,459.98,110.21,2,1,3,5,3,0,0,5,1,4,3,0,0,2,0,3,1,2,0,2
23,23,0,0,5,6,125.33,89.73,3,2,4,1,2,1,0,2,1,4,1,0,0,1,0,3,1,2,0,0
20,4,0,5,6,5,454.63,120.31,2,1,3,5,3,0,0,5,1,4,3,0,0,2,0,3,1,2,0,2
11,9,0,4,0,8,698.77,128.47,3,0,2,2,0,1,1,1,2,0,2,1,1,3,1,0,2,1,1,2
10,1,1,3,1,8,742.6,159.61,1,0,4,2,0,1,1,1,2,0,2,1,1,3,1,0,0,1,1,2
7,0,1,2,3,8,1006.48,151.39,4,3,2,4,1,1,1,2,2,0,2,1,1,3,1,0,0,1,1,2
20,4,0,5,6,5,457.11,118.56,2,1,3,5,3,0,0,5,1,4,3,0,0,2,0,3,1,2,0,2
17,17,0,4,4,0,1177.23,168.51,4,4,0,0,1,1,1,6,2,3,2,2,1,0,2,2,0,3,1,1
2,19,0,4,4,3,357.68,129.6,0,0,4,1,0,0,1,2,1,4,3,0,0,1,0,3,1,0,0,0
12,20,2,1,2,1,1343.84,179.44,3,3,2,4,1,1,1,4,2,1,2,1,1,0,1,2,0,3,0,2
0,15,0,4,4,6,345.97,128.92,0,0,4,1,0,0,1,2,1,4,3,0,1,1,0,1,1,2,0,1
23,23,0,0,5,6,217.16,97.24,3,2,4,1,2,1,0,2,1,4,1,0,0,1,0,3,1,2,0,0
5,3,0,5,6,6,387.36,119.7,3,0,4,3,0,1,0,1,1,4,3,0,1,4,0,1,1,2,0,0
21,18,0,4,0,6,349.63,104.93,3,2,4,1,3,1,0,3,1,4,0,0,0,4,1,3,1,2,0,0
21,18,0,4,0,6,366.02,114.73,3,2,4,1,3,1,0,3,1,4,0,0,0,4,1,3,1,2,0,0
1,14,0,5,6,3,597.14,113.8,3,2,4,3,0,1,1,2,1,4,3,0,0,1,0,3,2,2,0,0
12,20,2,1,2,1,1363.28,177.64,3,3,2,4,1,1,1,4,2,1,2,1,1,0,1,2,0,3,0,2
14,12,2,1,2,1,1151.72,155.24,0,4,2,6,1,1,1,4,2,2,2,2,1,0,1,2,0,3,0,2
22,21,0,4,4,2,206.03,121.07,3,2,4,1,2,0,0,2,1,4,1,0,0,1,0,3,1,2,0,0
8,2,0,4,4,8,895.6,150.13,4,3,4,4,1,1,1,1,2,1,2,2,1,3,1,0,0,1,1,2
12,20,2,1,2,1,1240.09,184.07,3,3,2,4,1,1,1,4,2,1,2,1,1,0,1,2,0,3,0,2
0,15,0,4,4,6,381.99,133.31,0,0,4,1,0,0,1,2,1,4,3,0,1,1,0,1,1,2,0,1
12,20,2,1,2,1,1276.25,172.35,3,3,2,4,1,1,1,4,2,1,2,1,1,0,1,2,0,3,0,2
7,0,1,2,3,8,1037.6,151.45,4,3,2,4,1,1,1,2,2,0,2,1,1,3,1,0,0,1,1,2
20,4,0,5,6,5,555.8,114.06,2,1,3,5,3,0,0,5,1,4,3,0,0,2,0,3,1,2,0,2
11,9,0,4,0,8,721.11,121.14,3,0,2,2,0,1,1,1,2,0,2,1,1,3,1,0,2,1,1,2
8,2,0,4,4,8,854.44,160.47,4,3,4,4,1,1,1,1,2,1,2,2,1,3,1,0,0,1,1,2
5,3,0,5,6,6,453.22,106.29,3,0,4,3,0,1,0,1,1,4,3,0,1,4,0,1,1,2,0,0
22,21,0,4,4,2,184.69,126.2,3,2,4,1,2,0,0,2,1,4,1,0,0,1,0,3,1,2,0,0
14,12,2,1,2,1,1110.98,165.4,0,4,2,6,1,1,1,4,2,2,2,2,1,0,1,2,0,3,0,2
16,11,0,4,4,8,663.68,138.69,3,0,1,3,0,0,0,2,1,4,3,0,1,2,0,1,1,0,0,1
17,17,0,4,4,0,1294.18,176.78,4,4,0,0,1,1,1,6,2,3,2,2,1,0,2,2,0,3,1,1
13,16,0,5,6,5,406.13,140.76,0,0,2,3,1,1,1,1,1,4,2,0,1,3,1,3,1,0,0,0
11,9,0,4,0,8,689.39,124.2,3,0,2,2,0,1,1,1,2,0,2,1,1,3,1,0,2,1,1,2
22,21,0,4,4,2,154.42,110.11,3,2,4,1,2,0,0,2,1,4,1,0,0,1,0,3,1,2,0,0
7,0,1,2,3,8,1011.17,165.06,4,3,2,4,1,1,1,2,2,0,2,1,1,3,1,0,0,1,1,2
3,13,0,0,5,6,271.22,117.88,3,0,4,3,0,0,0,2,1,4,3,0,0,1,0,1,1,2,0,0
0,15,0,4,4,6,310.74,136.53,0,0,4,1,0,0,1,2,1,4,3,0,1,1,0,1,1,2,0,1
8,2,0,4,4,8,785.4,168.87,4,3,4,4,1,1,1,1,2,1,2,2,1,3,1,0,0,1,1,2
7,0,1,2,3,8,1044.16,154.77,4,3,2,4,1,1,1,2,2,0,2,1,1,3,1,0,0,1,1,2
19,7,0,4,0,2,453.58,107.43,2,1,3,5,3,0,0,5,1,4,3,0,0,2,0,3,1,2,0,2
22,21,0,4,4,2,120.71,120.39,3,2,4,1,2,0,0,2,1,4,1,0,0,1,0,3,1,2,0,0
11,9,0,4,0,8,792.97,136.3,3,0,2,2,0,1,1,1,2,0,2,1,1,3,1,0,2,1,1,2
9,5,1,2,3,7,313.96,98.37,3,0,2,3,1,1,1,1,2,0,2,0,1,3,1,3,1,0,0,0
7,0,1,2,3,8,1060.77,153.94,4,3,2,4,1,1,1,2,2,0,2,1,1,3,1,0,0,1,1,2
0,15,0,4,4,6,341.72,126.57,0,0,4,1,0,0,1,2,1,4,3,0,1,1,0,1,1,2,0,1
20,4,0,5,6,5,479.36,125.91,2,1,3,5,3,0,0,5,1,4,3,0,0,2,0,3,1,2,0,2
6,6,2,6,7,8,1056.3,164.84,1,0,2,2,1,0,1,0,2,0,2,1,1,3,1,0,0,0,1,0
12,20,2,1,2,1,1273.3,184.81,3,3,2,4,1,1,1,4,2,1,2,1,1,0,1,2,0,3,0,2
8,2,0,4,4,8,854.97,158.3,4,3,4,4,1,1,1,1,2,1,2,2,1,3,1,0,0,1,1,2
6,6,2,6,7,8,1037.7,165.54,1,0,2,2,1,0,1,0,2,0,2,1,1,3,1,0,0,0,1,0
11,9,0,4,0,8,770.33,127.07,3,0,2,2,0,1,1,1,2,0,2,1,1,3,1,0,2,1,1,2
0,15,0,4,4,6,416.45,120.14,0,0,4,1,0,0,1,2,1,4,3,0,1,1,0,1,1,2,0,1
4,8,0,4,0,6,347.83,113.5,0,0,4,3,0,0,0,2,0,5,3,0,1,3,0,1,1,2,0,0
1,14,0,5,6,3,614.96,115.91,3,2,4,3,0,1,1,2,1,4,3,0,0,1,0,3,2,2,0,0
11,9,0,4,0,8,708.64,137.49,3,0,2,2,0,1,1,1,2,0,2,1,1,3,1,0,2,1,1,2
19,7,0,4,0,2,471.96,114.06,2,1,3,5,3,0,0,5,1,4,3,0,0,2,0,3,1,2,0,2
16,11,0,4,4,8,669.01,135.36,3,0,1,3,0,0,0,2,1,4,3,0,1,2,0,1,1,0,0,1
5,3,0,5,6,6,400.69,121.55,3,0,4,3,0,1,0,1,1,4,3,0,1,4,0,1,1,2,0,0
15,22,0,4,0,8,1032.92,152.19,0,0,1,3,1,0,1,0,2,1,2,2,1,3,1,1,2,0,0,2
7,0,1,2,3,8,1042.72,155.7,4,3,2,4,1,1,1,2,2,0,2,1,1,3,1,0,0,1,1,2
23,23,0,0,5,6,217.63,80.35,3,2,4,1,2,1,0,2,1,4,1,0,0,1,0,3,1,2,0,0
18,10,0,4,4,4,518.88,112.49,2,1,3,5,3,0,0,5,1,4,3,0,0,2,0,3,1,2,0,2
2,19,0,4,4,3,345.14,126.26,0,0,4,1,0,0,1,2,1,4,3,0,0,1,0,3,1,0,0,0
15,22,0,4,0,8,1083.24,149.89,0,0,1,3,1,0,1,0,2,1,2,2,1,3,1,1,2,0,0,2
1,14,0,5,6,3,599.34,108.66,3,2,4,3,0,1,1,2,1,4,3,0,0,1,0,3,2,2,0,0
9,5,1,2,3,7,305.49,97.5,3,0,2,3,1,1,1,1,2,0,2,0,1,3,1,3,1,0,0,0
23,23,0,0,5,6,166.92,88.18,3,2,4,1,2,1,0,2,1,4,1,0,0,1,0,3,1,2,0,0
1,14,0,5,6,3,504.71,114.44,3,2,4,3,0,1,1,2,1,4,3,0,0,1,0,3,2,2,0,0
1,14,0,5,6,3,545.19,111.98,3,2,4,3,0,1,1,2,1,4,3,0,0,1,0,3,2,2,0,0
12,20,2,1,2,1,1346.69,173.02,3,3,2,4,1,1,1,4,2,1,2,1,1,0,1,2,0,3,0,2
16,11,0,4,4,8,679.38,128.85,3,0,1,3,0,0,0,2,1,4,3,0,1,2,0,1,1,0,0,1
16,11,0,4,4,8,634.64,126.56,3,0,1,3,0,0,0,2,1,4,3,0,1,2,0,1,1,0,0,1
4,8,0,4,0,6,369.18,125.25,0,0,4,3,0,0,0,2,0,5,3,0,1,3,0,1,1,2,0,0
17,17,0,4,4,0,1262.49,166.08,4,4,0,0,1,1,1,6,2,3,2,2,1,0,2,2,0,3,1,1
12,20,2,1,2,1,1295.32,175.95,3,3,2,4,1,1,1,4,2,1,2,1,1,0,1,2,0,3,0,2
4,8,0,4,0,6,409.48,127.72,0,0,4,3,0,0,0,2,0,5,3,0,1,3,0,1,1,2,0,0
19,7,0,4,0,2,514.5,114.19,2,1,3,5,3,0,0,5,1,4,3,0,0,2,0,3,1,2,0,2
10,1,1,3,1,8,706.56,141.11,1,0,4,2,0,1,1,1,2,0,2,1,1,3,1,0,0,1,1,2
4,8,0,4,0,6,440.51,116.34,0,0,4,3,0,0,0,2,0,5,3,0,1,3,0,1,1,2,0,0
17,17,0,4,4,0,1207.99,161.47,4,4,0,0,1,1,1,6,2,3,2,2,1,0,2,2,0,3,1,1
11,9,0,4,0,8,743.55,139.93,3,0,2,2,0,1,1,1,2,0,2,1,1,3,1,0,2,1,1,2
12,20,2,1,2,1,1289.62,169.64,3,3,2,4,1,1,1,4,2,1,2,1,1,0,1,2,0,3,0,2
13,16,0,5,6,5,351.52,150.99,0,0,2,3,1,1,1,1,1,4,2,0,1,3,1,3,1,0,0,0
18,10,0,4,4,4,472.04,124.12,2,1,3,5,3,0,0,5,1,4,3,0,0,2,0,3,1,2,0,2
3,13,0,0,5,6,349.28,109.46,3,0,4,3,0,0,0,2,1,4,3,0,0,1,0,1,1,2,0,0
10,1,1,3,1,8,780.95,141.8,1,0,4,2,0,1,1,1,2,0,2,1,1,3,1,0,0,1,1,2
9,5,1,2,3,7,232.97,92.76,3,0,2,3,1,1,1,1,2,0,2,0,1,3,1,3,1,0,0,0
18,10,0,4,4,4,498.39,112.12,2,1,3,5,3,0,0,5,1,4,3,0,0,2,0,3,1,2,0,2
4,8,0,4,0,6,366.77,122.03,0,0,4,3,0,0,0,2,0,5,3,0,1,3,0,1,1,2,0,0
12,20,2,1,2,1,1330.42,170.66,3,3,2,4,1,1,1,4,2,1,2,1,1,0,1,2,0,3,0,2
0,15,0,4,4,6,363.71,124.98,0,0,4,1,0,0,1,2,1,4,3,0,1,1,0,1,1,2,0,1
2,19,0,4,4,3,318.12,130.34,0,0,4,1,0,0,1,2,1,4,3,0,0,1,0,3,1,0,0,0
23,23,0,0,5,6,152.61,91.65,3,2,4,1,2,1,0,2,1,4,1,0,0,1,0,3,1,2,0,0
17,17,0,4,4,0,1259.93,161.03,4,4,0,0,1,1,1,6,2,3,2,2,1,0,2,2,0,3,1,1
18,10,0,4,4,4,496.26,108.22,2,1,3,5,3,0,0,5,1,4,3,0,0,2,0,3,1,2,0,2
6,6,2,6,7,8,1021.03,179.39,1,0,2,2,1,0,1,0,2,0,2,1,1,3,1,0,0,0,1,0
2,19,0,4,4,3,282.87,129.46,0,0,4,1,0,0,1,2,1,4,3,0,0,1,0,3,1,0,0,0
2,19,0,4,4,3,276.85,124.62,0,0,4,1,0,0,1,2,1,4,3,0,0,1,0,3,1,0,0,0
13,16,0,5,6,5,390.04,142.95,0,0,2,3,1,1,1,1,1,4,2,0,1,3,1,3,1,0,0,0
23,23,0,0,5,6,137.21,92.24,3,2,4,1,2,1,0,2,1,4,1,0,0,1,0,3,1,2,0,0
18,10,0,4,4,4,416.95,111.69,2,1,3,5,3,0,0,5,1,4,3,0,0,2,0,3,1,2,0,2
20,4,0,5,6,5,538.03,126.06,2,1,3,5,3,0,0,5,1,4,3,0,0,2,0,3,1,2,0,2
14,12,2,1,2,1,1035.51,153.18,0,4,2,6,1,1,1,4,2,2,2,2,1,0,1,2,0,3,0,2
11,9,0,4,0,8,682.88,138.6,3,0,2,2,0,1,1,1,2,0,2,1,1,3,1,0,2,1,1,2
17,17,0,4,4,0,1208.31,163.19,4,4,0,0,1,1,1,6,2,3,2,2,1,0,2,2,0,3,1,1
1,14,0,5,6,3,531.53,114.84,3,2,4,3,0,1,1,2,1,4,3,0,0,1,0,3,2,2,0,0
13,16,0,5,6,5,417.3,149.37,0,0,2,3,1,1,1,1,1,4,2,0,1,3,1,3,1,0,0,0
19,7,0,4,0,2,568.78,98.4,2,1,3,5,3,0,0,5,1,4,3,0,0,2,0,3,1,2,0,2
20,4,0,5,6,5,506.62,125.3,2,1,3,5,3,0,0,5,1,4,3,0,0,2,0,3,1,2,0,2
8,2,0,4,4,8,824.74,164.09,4,3,4,4,1,1,1,1,2,1,2,2,1,3,1,0,0,1,1,2
21,18,0,4,0,6,232.66,104.06,3,2,4,1,3,1,0,3,1,4,0,0,0,4,1,3,1,2,0,0
7,0,1,2,3,8,1037.46,165.87,4,3,2,4,1,1,1,2,2,0,2,1,1,3,1,0,0,1,1,2
21,18,0,4,0,6,360.98,104.06,3,2,4,1,3,1,0,3,1,4,0,0,0,4,1,3,1,2,0,0
9,5,1,2,3,7,236.15,101.24,3,0,2,3,1,1,1,1,2,0,2,0,1,3,1,3,1,0,0,0
14,12,2,1,2,1,1070.43,159.91,0,4,2,6,1,1,1,4,2,2,2,2,1,0,1,2,0,3,0,2
12,20,2,1,2,1,1303.32,169.0,3,3,2,4,1,1,1,4,2,1,2,1,1,0,1,2,0,3,0,2
7,0,1,2,3,8,1030.58,157.86,4,3,2,4,1,1,1,2,2,0,2,1,1,3,1,0,0,1,1,2
9,5,1,2,3,7,300.28,100.83,3,0,2,3,1,1,1,1,2,0,2,0,1,3,1,3,1,0,0,0
21,18,0,4,0,6,241.76,110.59,3,2,4,1,3,1,0,3,1,4,0,0,0,4,1,3,1,2,0,0
22,21,0,4,4,2,198.96,117.44,3,2,4,1,2,0,0,2,1,4,1,0,0,1,0,3,1,2,0,0
18,10,0,4,4,4,462.1,106.64,2,1,3,5,3,0,0,5,1,4,3,0,0,2,0,3,1,2,0,2
3,13,0,0,5,6,274.76,116.17,3,0,4,3,0,0,0,2,1,4,3,0,0,1,0,1,1,2,0,0
15,22,0,4,0,8,1138.75,138.81,0,0,1,3,1,0,1,0,2,1,2,2,1,3,1,1,2,0,0,2
6,6,2,6,7,8,970.65,162.6,1,0,2,2,1,0,1,0,2,0,2,1,1,3,1,0,0,0,1,0
2,19,0,4,4,3,353.2,120.08,0,0,4,1,0,0,1,2,1,4,3,0,0,1,0,3,1,0,0,0
14,12,2,1,2,1,1097.45,151.54,0,4,2,6,1,1,1,4,2,2,2,2,1,0,1,2,0,3,0,2
8,2,0,4,4,8,826.39,160.68,4,3,4,4,1,1,1,1,2,1,2,2,1,3,1,0,0,1,1,2
0,15,0,4,4,6,292.69,138.65,0,0,4,1,0,0,1,2,1,4,3,0,1,1,0,1,1,2,0,1
9,5,1,2,3,7,323.58,92.81,3,0,2,3,1,1,1,1,2,0,2,0,1,3,1,3,1,0,0,0
19,7,0,4,0,2,556.45,97.52,2,1,3,5,3,0,0,5,1,4,3,0,0,2,0,3,1,2,0,2
5,3,0,5,6,6,337.69,107.78,3,0,4,3,0,1,0,1,1,4,3,0,1,4,0,1,1,2,0,0
11,9,0,4,0,8,741.26,133.63,3,0,2,2,0,1,1,1,2,0,2,1,1,3,1,0,2,1,1,2
14,12,2,1,2,1,1149.71,156.97,0,4,2,6,1,1,1,4,2,2,2,2,1,0,1,2,0,3,0,2
8,2,0,4,4,8,895.55,165.32,4,3,4,4,1,1,1,1,2,1,2,2,1,3,1,0,0,1,1,2
22,21,0,4,4,2,147.39,124.75,3,2,4,1,2,0,0,2,1,4,1,0,0,1,0,3,1,2,0,0
11,9,0,4,0,8,789.57,130.45,3,0,2,2,0,1,1,1,2,0,2,1,1,3,1,0,2,1,1,2
13,16,0,5,6,5,406.17,135.87,0,0,2,3,1,1,1,1,1,4,2,0,1,3,1,3,1,0,0,0
4,8,0,4,0,6,416.77,117.1,0,0,4,3,0,0,0,2,0,5,3,0,1,3,0,1,1,2,0,0
11,9,0,4,0,8,729.37,121.75,3,0,2,2,0,1,1,1,2,0,2,1,1,3,1,0,2,1,1,2
4,8,0,4,0,6,400.37,127.84,0,0,4,3,0,0,0,2,0,5,3,0,1,3,0,1,1,2,0,0
12,20,2,1,2,1,1303.27,169.4,3,3,2,4,1,1,1,4,2,1,2,1,1,0,1,2,0,3,0,2
12,20,2,1,2,1,1311.58,168.35,3,3,2,4,1,1,1,4,2,1,2,1,1,0,1,2,0,3,0,2
21,18,0,4,0,6,245.99,119.12,3,2,4,1,3,1,0,3,1,4,0,0,0,4,1,3,1,2,0,0
22,21,0,4,4,2,167.59,118.29,3,2,4,1,2,0,0,2,1,4,1,0,0,1,0,3,1,2,0,0
4,8,0,4,0,6,337.41,115.93,0,0,4,3,0,0,0,2,0,5,3,0,1,3,0,1,1,2,0,0
4,8,0,4,0,6,376.96,115.19,0,0,4,3,0,0,0,2,0,5,3,0,1,3,0,1,1,2,0,0
4,8,0,4,0,6,330.01,121.21,0,0,4,3,0,0,0,2,0,5,3,0,1,3,0,1,1,2,0,0
15,22,0,4,0,8,1091.58,153.75,0,0,1,3,1,0,1,0,2,1,2,2,1,3,1,1,2,0,0,2
15,22,0,4,0,8,1042.33,140.78,0,0,1,3,1,0,1,0,2,1,2,2,1,3,1,1,2,0,0,2
18,10,0,4,4,4,460.68,120.94,2,1,3,5,3,0,0,5,1,4,3,0,0,2,0,3,1,2,0,2
18,10,0,4,4,4,501.42,115.47,2,1,3,5,3,0,0,5,1,4,3,0,0,2,0,3,1,2,0,2
10,1,1,3,1,8,653.08,144.54,1,0,4,2,0,1,1,1,2,0,2,1,1,3,1,0,0,1,1,2
9,5,1,2,3,7,360.62,105.93,3,0,2,3,1,1,1,1,2,0,2,0,1,3,1,3,1,0,0,0
19,7,0,4,0,2,467.47,107.1,2,1,3,5,3,0,0,5,1,4,3,0,0,2,0,3,1,2,0,2
17,17,0,4,4,0,1166.69,165.25,4,4,0,0,1,1,1,6,2,3,2,2,1,0,2,2,0,3,1,1
15,22,0,4,0,8,1166.57,144.43,0,0,1,3,1,0,1,0,2,1,2,2,1,3,1,1,2,0,0,2
3,13,0,0,5,6,280.96,121.37,3,0,4,3,0,0,0,2,1,4,3,0,0,1,0,1,1,2,0,0
10,1,1,3,1,8,685.01,158.7,1,0,4,2,0,1,1,1,2,0,2,1,1,3,1,0,0,1,1,2
19,7,0,4,0,2,547.64,98.91,2,1,3,5,3,0,0,5,1,4,3,0,0,2,0,3,1,2,0,2
6,6,2,6,7,8,978.03,179.91,1,0,2,2,1,0,1,0,2,0,2,1,1,3,1,0,0,0,1,0
1,14,0,5,6,3,502.06,107.91,3,2,4,3,0,1,1,2,1,4,3,0,0,1,0,3,2,2,0,0
10,1,1,3,1,8,781.86,143.89,1,0,4,2,0,1,1,1,2,0,2,1,1,3,1,0,0,1,1,2
17,17,0,4,4,0,1172.82,167.65,4,4,0,0,1,1,1,6,2,3,2,2,1,0,2,2,0,3,1,1
19,7,0,4,0,2,536.18,103.78,2,1,3,5,3,0,0,5,1,4,3,0,0,2,0,3,1,2,0,2
20,4,0,5,6,5,471.36,123.2,2,1,3,5,3,0,0,5,1,4,3,0,0,2,0,3,1,2,0,2
6,6,2,6,7,8,1014.45,161.65,1,0,2,2,1,0,1,0,2,0,2,1,1,3,1,0,0,0,1,0
19,7,0,4,0,2,498.44,103.21,2,1,3,5,3,0,0,5,1,4,3,0,0,2,0,3,1,2,0,2
14,12,2,1,2,1,1069.61,149.23,0,4,2,6,1,1,1,4,2,2,2,2,1,0,1,2,0,3,0,2
9,5,1,2,3,7,356.69,107.69,3,0,2,3,1,1,1,1,2,0,2,0,1,3,1,3,1,0,0,0
3,13,0,0,5,6,269.55,118.87,3,0,4,3,0,0,0,2,1,4,3,0,0,1,0,1,1,2,0,0
3,13,0,0,5,6,309.65,115.78,3,0,4,3,0,0,0,2,1,4,3,0,0,1,0,1,1,2,0,0
1,14,0,5,6,3,604.27,114.57,3,2,4,3,0,1,1,2,1,4,3,0,0,1,0,3,2,2,0,0
2,19,0,4,4,3,341.55,131.72,0,0,4,1,0,0,1,2,1,4,3,0,0,1,0,3,1,0,0,0
19,7,0,4,0,2,552.44,103.73,2,1,3,5,3,0,0,5,1,4,3,0,0,2,0,3,1,2,0,2
13,16,0,5,6,5,380.16,149.57,0,0,2,3,1,1,1,1,1,4,2,0,1,3,1,3,1,0,0,0
13,16,0,5,6,5,340.34,140.75,0,0,2,3,1,1,1,1,1,4,2,0,1,3,1,3,1,0,0,0
4,8,0,4,0,6,319.63,116.38,0,0,4,3,0,0,0,2,0,5,3,0,1,3,0,1,1,2,0,0
0,15,0,4,4,6,357.74,135.89,0,0,4,1,0,0,1,2,1,4,3,0,1,1,0,1,1,2,0,1
9,5,1,2,3,7,297.06,105.53,3,0,2,3,1,1,1,1,2,0,2,0,1,3,1,3,1,0,0,0
16,11,0,4,4,8,708.82,120.04,3,0,1,3,0,0,0,2,1,4,3,0,1,2,0,1,1,0,0,1
15,22,0,4,0,8,1148.65,144.85,0,0,1,3,1,0,1,0,2,1,2,2,1,3,1,1,2,0,0,2
10,1,1,3,1,8,655.77,156.54,1,0,4,2,0,1,1,1,2,0,2,1,1,3,1,0,0,1,1,2
14,12,2,1,2,1,1039.43,158.91,0,4,2,6,1,1,1,4,2,2,2,2,1,0,1,2,0,3,0,2
14,12,2,1,2,1,1042.46,157.42,0,4,2,6,1,1,1,4,2,2,2,2,1,0,1,2,0,3,0,2
18,10,0,4,4,4,431.3,121.28,2,1,3,5,3,0,0,5,1,4,3,0,0,2,0,3,1,2,0,2
19,7,0,4,0,2,563.79,113.84,2,1,3,5,3,0,0,5,1,4,3,0,0,2,0,3,1,2,0,2
16,11,0,4,4,8,660.98,123.45,3,0,1,3,0,0,0,2,1,4,3,0,1,2,0,1,1,0,0,1
17,17,0,4,4,0,1210.27,160.8,4,4,0,0,1,1,1,6,2,3,2,2,1,0,2,2,0,3,1,1
7,0,1,2,3,8,1001.84,165.17,4,3,2,4,1,1,1,2,2,0,2,1,1,3,1,0,0,1,1,2
5,3,0,5,6,6,441.64,107.06,3,0,4,3,0,1,0,1,1,4,3,0,1,4,0,1,1,2,0,0
22,21,0,4,4,2,80.59,114.3,3,2,4,1,2,0,0,2,1,4,1,0,0,1,0,3,1,2,0,0
11,9,0,4,0,8,815.22,128.23,3,0,2,2,0,1,1,1,2,0,2,1,1,3,1,0,2,1,1,2
20,4,0,5,6,5,444.49,119.53,2,1,3,5,3,0,0,5,1,4,3,0,0,2,0,3,1,2,0,2
0,15,0,4,4,6,352.82,136.38,0,0,4,1,0,0,1,2,1,4,3,0,1,1,0,1,1,2,0,1
4,8,0,4,0,6,377.41,128.09,0,0,4,3,0,0,0,2,0,5,3,0,1,3,0,1,1,2,0,0
15,22,0,4,0,8,1117.03,155.83,0,0,1,3,1,0,1,0,2,1,2,2,1,3,1,1,2,0,0,2
23,23,0,0,5,6,93.23,81.75,3,2,4,1,2,1,0,2,1,4,1,0,0,1,0,3,1,2,0,0
9,5,1,2,3,7,306.07,96.47,3,0,2,3,1,1,1,1,2,0,2,0,1,3,1,3,1,0,0,0
13,16,0,5,6,5,302.54,136.67,0,0,2,3,1,1,1,1,1,4,2,0,1,3,1,3,1,0,0,0
14,12,2,1,2,1,1166.08,155.32,0,4,2,6,1,1,1,4,2,2,2,2,1,0,1,2,0,3,0,2
10,1,1,3,1,8,766.21,154.88,1,0,4,2,0,1,1,1,2,0,2,1,1,3,1,0,0,1,1,2
10,1,1,3,1,8,663.92,146.81,1,0,4,2,0,1,1,1,2,0,2,1,1,3,1,0,0,1,1,2
15,22,0,4,0,8,1085.06,155.41,0,0,1,3,1,0,1,0,2,1,2,2,1,3,1,1,2,0,0,2
0,15,0,4,4,6,306.67,135.06,0,0,4,1,0,0,1,2,1,4,3,0,1,1,0,1,1,2,0,1
5,3,0,5,6,6,342.57,119.52,3,0,4,3,0,1,0,1,1,4,3,0,1,4,0,1,1,2,0,0
11,9,0,4,0,8,698.04,128.9,3,0,2,2,0,1,1,1,2,0,2,1,1,3,1,0,2,1,1,2
8,2,0,4,4,8,801.55,163.68,4,3,4,4,1,1,1,1,2,1,2,2,1,3,1,0,0,1,1,2
5,3,0,5,6,6,348.37,103.89,3,0,4,3,0,1,0,1,1,4,3,0,1,4,0,1,1,2,0,0
22,21,0,4,4,2,172.9,122.7,3,2,4,1,2,0,0,2,1,4,1,0,0,1,0,3,1,2,0,0
8,2,0,4,4,8,785.77,156.91,4,3,4,4,1,1,1,1,2,1,2,2,1,3,1,0,0,1,1,2
21,18,0,4,0,6,304.23,114.68,3,2,4,1,3,1,0,3,1,4,0,0,0,4,1,3,1,2,0,0
5,3,0,5,6,6,371.62,109.35,3,0,4,3,0,1,0,1,1,4,3,0,1,4,0,1,1,2,0,0
21,18,0,4,0,6,264.72,113.04,3,2,4,1,3,1,0,3,1,4,0,0,0,4,1,3,1,2,0,0
21,18,0,4,0,6,268.21,116.83,3,2,4,1,3,1,0,3,1,4,0,0,0,4,1,3,1,2,0,0
4,8,0,4,0,6,346.53,127.51,0,0,4,3,0,0,0,2,0,5,3,0,1,3,0,1,1,2,0,0
6,6,2,6,7,8,1043.25,175.7,1,0,2,2,1,0,1,0,2,0,2,1,1,3,1,0,0,0,1,0
2,19,0,4,4,3,347.21,116.55,0,0,4,1,0,0,1,2,1,4,3,0,0,1,0,3,1,0,0,0
2,19,0,4,4,3,348.69,124.86,0,0,4,1,0,0,1,2,1,4,3,0,0,1,0,3,1,0,0,0
23,23,0,0,5,6,80.16,97.75,3,2,4,1,2,1,0,2,1,4,1,0,0,1,0,3,1,2,0,0
21,18,0,4,0,6,344.0,104.56,3,2,4,1,3,1,0,3,1,4,0,0,0,4,1,3,1,2,0,0
14,12,2,1,2,1,1104.22,161.35,0,4,2,6,1,1,1,4,2,2,2,2,1,0,1,2,0,3,0,2
3,13,0,0,5,6,318.67,123.62,3,0,4,3,0,0,0,2,1,4,3,0,0,1,0,1,1,2,0,0
5,3,0,5,6,6,348.9,114.75,3,0,4,3,0,1,0,1,1,4,3,0,1,4,0,1,1,2,0,0
11,9,0,4,0,8,734.67,127.61,3,0,2,2,0,1,1,1,2,0,2,1,1,3,1,0,2,1,1,2
1,14,0,5,6,3,512.04,109.09,3,2,4,3,0,1,1,2,1,4,3,0,0,1,0,3,2,2,0,0
6,6,2,6,7,8,1009.77,165.94,1,0,2,2,1,0,1,0,2,0,2,1,1,3,1,0,0,0,1,0
9,5,1,2,3,7,237.16,97.65,3,0,2,3,1,1,1,1,2,0,2,0,1,3,1,3,1,0,0,0
19,7,0,4,0,2,493.95,96.67,2,1,3,5,3,0,0,5,1,4,3,0,0,2,0,3,1,2,0,2
4,8,0,4,0,6,411.68,114.36,0,0,4,3,0,0,0,2,0,5,3,0,1,3,0,1,1,2,0,0
18,10,0,4,4,4,502.51,123.99,2,1,3,5,3,0,0,5,1,4,3,0,0,2,0,3,1,2,0,2
0,15,0,4,4,6,407.63,123.03,0,0,4,1,0,0,1,2,1,4,3,0,1,1,0,1,1,2,0,1
5,3,0,5,6,6,408.85,118.87,3,0,4,3,0,1,0,1,1,4,3,0,1,4,0,1,1,2,0,0
17,17,0,4,4,0,1269.21,171.13,4,4,0,0,1,1,1,6,2,3,2,2,1,0,2,2,0,3,1,1
11,9,0,4,0,8,702.26,121.11,3,0,2,2,0,1,1,1,2,0,2,1,1,3,1,0,2,1,1,2
16,11,0,4,4,8,744.26,120.39,3,0,1,3,0,0,0,2,1,4,3,0,1,2,0,1,1,0,0,1
15,22,0,4,0,8,1056.92,156.45,0,0,1,3,1,0,1,0,2,1,2,2,1,3,1,1,2,0,0,2
21,18,0,4,0,6,273.75,108.16,3,2,4,1,3,1,0,3,1,4,0,0,0,4,1,3,1,2,0,0
5,3,0,5,6,6,406.11,119.16,3,0,4,3,0,1,0,1,1,4,3,0,1,4,0,1,1,2,0,0
3,13,0,0,5,6,364.91,114.27,3,0,4,3,0,0,0,2,1,4,3,0,0,1,0,1,1,2,0,0
11,9,0,4,0,8,681.4,121.02,3,0,2,2,0,1,1,1,2,0,2,1,1,3,1,0,2,1,1,2
0,15,0,4,4,6,306.31,127.01,0,0,4,1,0,0,1,2,1,4,3,0,1,1,0,1,1,2,0,1
12,20,2,1,2,1,1231.62,166.73,3,3,2,4,1,1,1,4,2,1,2,1,1,0,1,2,0,3,0,2
19,7,0,4,0,2,552.76,104.38,2,1,3,5,3,0,0,5,1,4,3,0,0,2,0,3,1,2,0,2
7,0,1,2,3,8,1020.25,155.76,4,3,2,4,1,1,1,2,2,0,2,1,1,3,1,0,0,1,1,2
6,6,2,6,7,8,961.24,167.97,1,0,2,2,1,0,1,0,2,0,2,1,1,3,1,0,0,0,1,0
22,21,0,4,4,2,197.9,127.23,3,2,4,1,2,0,0,2,1,4,1,0,0,1,0,3,1,2,0,0
13,16,0,5,6,5,375.37,146.0,0,0,2,3,1,1,1,1,1,4,2,0,1,3,1,3,1,0,0,0
8,2,0,4,4,8,874.97,153.16,4,3,4,4,1,1,1,1,2,1,2,2,1,3,1,0,0,1,1,2
10,1,1,3,1,8,751.96,146.63,1,0,4,2,0,1,1,1,2,0,2,1,1,3,1,0,0,1,1,2
8,2,0,4,4,8,893.88,151.23,4,3,4,4,1,1,1,1,2,1,2,2,1,3,1,0,0,1,1,2
10,1,1,3,1,8,708.4,149.02,1,0,4,2,0,1,1,1,2,0,2,1,1,3,1,0,0,1,1,2
4,8,0,4,0,6,422.81,130.32,0,0,4,3,0,0,0,2,0,5,3,0,1,3,0,1,1,2,0,0
20,4,0,5,6,5,481.46,126.88,2,1,3,5,3,0,0,5,1,4,3,0,0,2,0,3,1,2,0,2
22,21,0,4,4,2,185.21,116.37,3,2,4,1,2,0,0,2,1,4,1,0,0,1,0,3,1,2,0,0
21,18,0,4,0,6,362.21,116.94,3,2,4,1,3,1,0,3,1,4,0,0,0,4,1,3,1,2,0,0
8,2,0,4,4,8,791.62,153.67,4,3,4,4,1,1,1,1,2,1,2,2,1,3,1,0,0,1,1,2
0,15,0,4,4,6,419.02,122.32,0,0,4,1,0,0,1,2,1,4,3,0,1,1,0,1,1,2,0,1
23,23,0,0,5,6,92.12,85.78,3,2,4,1,2,1,0,2,1,4,1,0,0,1,0,3,1,2,0,0
20,4,0,5,6,5,479.6,116.75,2,1,3,5,3,0,0,5,1,4,3,0,0,2,0,3,1,2,0,2
22,21,0,4,4,2,202.24,111.4,3,2,4,1,2,0,0,2,1,4,1,0,0,1,0,3,1,2,0,0
16,11,0,4,4,8,645.22,125.79,3,0,1,3,0,0,0,2,1,4,3,0,1,2,0,1,1,0,0,1
11,9,0,4,0,8,684.04,136.58,3,0,2,2,0,1,1,1,2,0,2,1,1,3,1,0,2,1,1,2
2,19,0,4,4,3,274.45,134.22,0,0,4,1,0,0,1,2,1,4,3,0,0,1,0,3,1,0,0,0
7,0,1,2,3,8,1078.28,155.31,4,3,2,4,1,1,1,2,2,0,2,1,1,3,1,0,0,1,1,2
5,3,0,5,6,6,446.01,105.19,3,0,4,3,0,1,0,1,1,4,3,0,1,4,0,1,1,2,0,0
15,22,0,4,0,8,1107.57,141.76,0,0,1,3,1,0,1,0,2,1,2,2,1,3,1,1,2,0,0,2
1,14,0,5,6,3,588.11,114.4,3,2,4,3,0,1,1,2,1,4,3,0,0,1,0,3,2,2,0,0
19,7,0,4,0,2,550.93,111.17,2,1,3,5,3,0,0,5,1,4,3,0,0,2,0,3,1,2,0,2
2,19,0,4,4,3,326.78,118.81,0,0,4,1,0,0,1,2,1,4,3,0,0,1,0,3,1,0,0,0
4,8,0,4,0,6,355.9,112.81,0,0,4,3,0,0,0,2,0,5,3,0,1,3,0,1,1,2,0,0
10,1,1,3,1,8,733.71,145.96,1,0,4,2,0,1,1,1,2,0,2,1,1,3,1,0,0,1,1,2
16,11,0,4,4,8,651.26,130.62,3,0,1,3,0,0,0,2,1,4,3,0,1,2,0,1,1,0,0,1
6,6,2,6,7,8,1086.06,173.66,1,0,2,2,1,0,1,0,2,0,2,1,1,3,1,0,0,0,1,0
23,23,0,0,5,6,140.04,97.86,3,2,4,1,2,1,0,2,1,4,1,0,0,1,0,3,1,2,0,0
8,2,0,4,4,8,898.52,168.99,4,3,4,4,1,1,1,1,2,1,2,2,1,3,1,0,0,1,1,2
1,14,0,5,6,3,588.56,100.87,3,2,4,3,0,1,1,2,1,4,3,0,0,1,0,3,2,2,0,0
19,7,0,4,0,2,439.33,98.0,2,1,3,5,3,0,0,5,1,4,3,0,0,2,0,3,1,2,0,2
15,22,0,4,0,8,1131.81,156.27,0,0,1,3,1,0,1,0,2,1,2,2,1,3,1,1,2,0,0,2
17,17,0,4,4,0,1163.24,176.93,4,4,0,0,1,1,1,6,2,3,2,2,1,0,2,2,0,3,1,1
20,4,0,5,6,5,459.36,117.07,2,1,3,5,3,0,0,5,1,4,3,0,0,2,0,3,1,2,0,2
22,21,0,4,4,2,145.09,116.78,3,2,4,1,2,0,0,2,1,4,1,0,0,1,0,3,1,2,0,0
2,19,0,4,4,3,318.05,125.54,0,0,4,1,0,0,1,2,1,4,3,0,0,1,0,3,1,0,0,0
21,18,0,4,0,6,354.68,108.63,3,2,4,1,3,1,0,3,1,4,0,0,0,4,1,3,1,2,0,0
13,16,0,5,6,5,317.29,136.07,0,0,2,3,1,1,1,1,1,4,2,0,1,3,1,3,1,0,0,0
3,13,0,0,5,6,303.26,116.95,3,0,4,3,0,0,0,2,1,4,3,0,0,1,0,1,1,2,0,0
20,4,0,5,6,5,564.82,121.53,2,1,3,5,3,0,0,5,1,4,3,0,0,2,0,3,1,2,0,2
10,1,1,3,1,8,655.17,148.22,1,0,4,2,0,1,1,1,2,0,2,1,1,3,1,0,0,1,1,2
10,1,1,3,1,8,737.19,145.58,1,0,4,2,0,1,1,1,2,0,2,1,1,3,1,0,0,1,1,2
16,11,0,4,4,8,735.84,134.03,3,0,1,3,0,0,0,2,1,4,3,0,1,2,0,1,1,0,0,1
2,19,0,4,4,3,274.2,117.48,0,0,4,1,0,0,1,2,1,4,3,0,0,1,0,3,1,0,0,0
18,10,0,4,4,4,470.87,119.71,2,1,3,5,3,0,0,5,1,4,3,0,0,2,0,3,1,2,0,2
4,8,0,4,0,6,354.77,120.07,0,0,4,3,0,0,0,2,0,5,3,0,1,3,0,1,1,2,0,0
9,5,1,2,3,7,277.44,98.69,3,0,2,3,1,1,1,1,2,0,2,0,1,3,1,3,1,0,0,0
4,8,0,4,0,6,392.35,121.4,0,0,4,3,0,0,0,2,0,5,3,0,1,3,0,1,1,2,0,0
0,15,0,4,4,6,391.82,120.57,0,0,4,1,0,0,1,2,1,4,3,0,1,1,0,1,1,2,0,1
13,16,0,5,6,5,282.44,149.36,0,0,2,3,1,1,1,1,1,4,2,0,1,3,1,3,1,0,0,0
14,12,2,1,2,1,1163.33,158.81,0,4,2,6,1,1,1,4,2,2,2,2,1,0,1,2,0,3,0,2
3,13,0,0,5,6,248.49,114.31,3,0,4,3,0,0,0,2,1,4,3,0,0,1,0,1,1,2,0,0
12,20,2,1,2,1,1359.99,180.38,3,3,2,4,1,1,1,4,2,1,2,1,1,0,1,2,0,3,0,2
4,8,0,4,0,6,380.39,116.27,0,0,4,3,0,0,0,2,0,5,3,0,1,3,0,1,1,2,0,0
2,19,0,4,4,3,336.27,132.34,0,0,4,1,0,0,1,2,1,4,3,0,0,1,0,3,1,0,0,0
15,22,0,4,0,8,1122.32,149.34,0,0,1,3,1,0,1,0,2,1,2,2,1,3,1,1,2,0,0,2
20,4,0,5,6,5,432.84,115.88,2,1,3,5,3,0,0,5,1,4,3,0,0,2,0,3,1,2,0,2
15,22,0,4,0,8,1160.44,147.37,0,0,1,3,1,0,1,0,2,1,2,2,1,3,1,1,2,0,0,2
19,7,0,4,0,2,528.87,98.12,2,1,3,5,3,0,0,5,1,4,3,0,0,2,0,3,1,2,0,2
15,22,0,4,0,8,1050.92,150.18,0,0,1,3,1,0,1,0,2,1,2,2,1,3,1,1,2,0,0,2
11,9,0,4,0,8,728.64,134.44,3,0,2,2,0,1,1,1,2,0,2,1,1,3,1,0,2,1,1,2
13,16,0,5,6,5,285.61,146.34,0,0,2,3,1,1,1,1,1,4,2,0,1,3,1,3,1,0,0,0
4,8,0,4,0,6,399.31,129.7,0,0,4,3,0,0,0,2,0,5,3,0,1,3,0,1,1,2,0,0
3,13,0,0,5,6,295.29,120.33,3,0,4,3,0,0,0,2,1,4,3,0,0,1,0,1,1,2,0,0
19,7,0,4,0,2,511.84,105.78,2,1,3,5,3,0,0,5,1,4,3,0,0,2,0,3,1,2,0,2
0,15,0,4,4,6,331.97,135.47,0,0,4,1,0,0,1,2,1,4,3,0,1,1,0,1,1,2,0,1
9,5,1,2,3,7,319.98,103.05,3,0,2,3,1,1,1,1,2,0,2,0,1,3,1,3,1,0,0,0
11,9,0,4,0,8,691.12,121.79,3,0,2,2,0,1,1,1,2,0,2,1,1,3,1,0,2,1,1,2
17,17,0,4,4,0,1239.37,164.26,4,4,0,0,1,1,1,6,2,3,2,2,1,0,2,2,0,3,1,1
19,7,0,4,0,2,568.66,99.75,2,1,3,5,3,0,0,5,1,4,3,0,0,2,0,3,1,2,0,2
16,11,0,4,4,8,684.71,125.68,3,0,1,3,0,0,0,2,1,4,3,0,1,2,0,1,1,0,0,1
6,6,2,6,7,8,1074.26,171.76,1,0,2,2,1,0,1,0,2,0,2,1,1,3,1,0,0,0,1,0
18,10,0,4,4,4,420.2,124.75,2,1,3,5,3,0,0,5,1,4,3,0,0,2,0,3,1,2,0,2
23,23,0,0,5,6,146.59,95.46,3,2,4,1,2,1,0,2,1,4,1,0,0,1,0,3,1,2,0,0
23,23,0,0,5,6,135.45,90.72,3,2,4,1,2,1,0,2,1,4,1,0,0,1,0,3,1,2,0,0
22,21,0,4,4,2,149.68,124.77,3,2,4,1,2,0,0,2,1,4,1,0,0,1,0,3,1,2,0,0
6,6,2,6,7,8,1061.0,176.66,1,0,2,2,1,0,1,0,2,0,2,1,1,3,1,0,0,0,1,0
12,20,2,1,2,1,1347.89,168.59,3,3,2,4,1,1,1,4,2,1,2,1,1,0,1,2,0,3,0,2
1,14,0,5,6,3,498.29,100.06,3,2,4,3,0,1,1,2,1,4,3,0,0,1,0,3,2,2,0,0
2,19,0,4,4,3,397.26,129.68,0,0,4,1,0,0,1,2,1,4,3,0,0,1,0,3,1,0,0,0
15,22,0,4,0,8,1055.51,143.9,0,0,1,3,1,0,1,0,2,1,2,2,1,3,1,1,2,0,0,2
20,4,0,5,6,5,461.49,128.17,2,1,3,5,3,0,0,5,1,4,3,0,0,2,0,3,1,2,0,2
2,19,0,4,4,3,394.33,121.23,0,0,4,1,0,0,1,2,1,4,3,0,0,1,0,3,1,0,0,0
23,23,0,0,5,6,140.19,95.29,3,2,4,1,2,1,0,2,1,4,1,0,0,1,0,3,1,2,0,0
1,14,0,5,6,3,583.65,107.55,3,2,4,3,0,1,1,2,1,4,3,0,0,1,0,3,2,2,0,0
20,4,0,5,6,5,526.87,125.47,2,1,3,5,3,0,0,5,1,4,3,0,0,2,0,3,1,2,0,2
6,6,2,6,7,8,1070.0,176.56,1,0,2,2,1,0,1,0,2,0,2,1,1,3,1,0,0,0,1,0
19,7,0,4,0,2,530.82,101.9,2,1,3,5,3,0,0,5,1,4,3,0,0,2,0,3,1,2,0,2
6,6,2,6,7,8,1076.02,174.27,1,0,2,2,1,0,1,0,2,0,2,1,1,3,1,0,0,0,1,0
16,11,0,4,4,8,705.54,123.07,3,0,1,3,0,0,0,2,1,4,3,0,1,2,0,1,1,0,0,1
15,22,0,4,0,8,1167.34,138.59,0,0,1,3,1,0,1,0,2,1,2,2,1,3,1,1,2,0,0,2
15,22,0,4,0,8,1075.18,138.71,0,0,1,3,1,0,1,0,2,1,2,2,1,3,1,1,2,0,0,2
9,5,1,2,3,7,262.5,94.76,3,0,2,3,1,1,1,1,2,0,2,0,1,3,1,3,1,0,0,0
19,7,0,4,0,2,496.67,104.73,2,1,3,5,3,0,0,5,1,4,3,0,0,2,0,3,1,2,0,2
14,12,2,1,2,1,1055.97,162.61,0,4,2,6,1,1,1,4,2,2,2,2,1,0,1,2,0,3,0,2
7,0,1,2,3,8,1095.86,161.42,4,3,2,4,1,1,1,2,2,0,2,1,1,3,1,0,0,1,1,2
18,10,0,4,4,4,472.01,122.38,2,1,3,5,3,0,0,5,1,4,3,0,0,2,0,3,1,2,0,2
3,13,0,0,5,6,365.21,122.61,3,0,4,3,0,0,0,2,1,4,3,0,0,1,0,1,1,2,0,0
20,4,0,5,6,5,437.23,128.86,2,1,3,5,3,0,0,5,1,4,3,0,0,2,0,3,1,2,0,2
13,16,0,5,6,5,327.68,148.88,0,0,2,3,1,1,1,1,1,4,2,0,1,3,1,3,1,0,0,0
20,4,0,5,6,5,436.24,123.2,2,1,3,5,3,0,0,5,1,4,3,0,0,2,0,3,1,2,0,2
8,2,0,4,4,8,839.33,152.4,4,3,4,4,1,1,1,1,2,1,2,2,1,3,1,0,0,1,1,2
0,15,0,4,4,6,314.16,126.24,0,0,4,1,0,0,1,2,1,4,3,0,1,1,0,1,1,2,0,1
22,21,0,4,4,2,212.45,124.34,3,2,4,1,2,0,0,2,1,4,1,0,0,1,0,3,1,2,0,0
11,9,0,4,0,8,758.85,138.73,3,0,2,2,0,1,1,1,2,0,2,1,1,3,1,0,2,1,1,2
20,4,0,5,6,5,452.78,116.2,2,1,3,5,3,0,0,5,1,4,3,0,0,2,0,3,1,2,0,2
10,1,1,3,1,8,772.95,149.39,1,0,4,2,0,1,1,1,2,0,2,1,1,3,1,0,0,1,1,2
18,10,0,4,4,4,480.13,114.53,2,1,3,5,3,0,0,5,1,4,3,0,0,2,0,3,1,2,0,2
10,1,1,3,1,8,691.64,140.71,1,0,4,2,0,1,1,1,2,0,2,1,1,3,1,0,0,1,1,2
12,20,2,1,2,1,1278.86,183.27,3,3,2,4,1,1,1,4,2,1,2,1,1,0,1,2,0,3,0,2
4,8,0,4,0,6,366.59,118.67,0,0,4,3,0,0,0,2,0,5,3,0,1,3,0,1,1,2,0,0
14,12,2,1,2,1,1119.44,152.94,0,4,2,6,1,1,1,4,2,2,2,2,1,0,1,2,0,3,0,2
14,12,2,1,2,1,1129.08,152.63,0,4,2,6,1,1,1,4,2,2,2,2,1,0,1,2,0,3,0,2
3,13,0,0,5,6,311.15,110.0,3,0,4,3,0,0,0,2,1,4,3,0,0,1,0,1,1,2,0,0
14,12,2,1,2,1,1044.98,167.2,0,4,2,6,1,1,1,4,2,2,2,2,1,0,1,2,0,3,0,2
14,12,2,1,2,1,1032.94,148.77,0,4,2,6,1,1,1,4,2,2,2,2,1,0,1,2,0,3,0,2
7,0,1,2,3,8,1003.84,166.75,4,3,2,4,1,1,1,2,2,0,2,1,1,3,1,0,0,1,1,2
7,0,1,2,3,8,999.3,168.42,4,3,2,4,1,1,1,2,2,0,2,1,1,3,1,0,0,1,1,2
13,16,0,5,6,5,280.9,149.14,0,0,2,3,1,1,1,1,1,4,2,0,1,3,1,3,1,0,0,0
8,2,0,4,4,8,841.84,150.97,4,3,4,4,1,1,1,1,2,1,2,2,1,3,1,0,0,1,1,2
5,3,0,5,6,6,436.15,110.02,3,0,4,3,0,1,0,1,1,4,3,0,1,4,0,1,1,2,0,0
0,15,0,4,4,6,280.26,134.74,0,0,4,1,0,0,1,2,1,4,3,0,1,1,0,1,1,2,0,1
7,0,1,2,3,8,1025.76,159.99,4,3,2,4,1,1,1,2,2,0,2,1,1,3,1,0,0,1,1,2
6,6,2,6,7,8,987.93,174.16,1,0,2,2,1,0,1,0,2,0,2,1,1,3,1,0,0,0,1,0
10,1,1,3,1,8,738.79,144.74,1,0,4,2,0,1,1,1,2,0,2,1,1,3,1,0,0,1,1,2
2,19,0,4,4,3,329.38,132.6,0,0,4,1,0,0,1,2,1,4,3,0,0,1,0,3,1,0,0,0
7,0,1,2,3,8,1061.35,168.24,4,3,2,4,1,1,1,2,2,0,2,1,1,3,1,0,0,1,1,2
3,13,0,0,5,6,302.55,123.06,3,0,4,3,0,0,0,2,1,4,3,0,0,1,0,1,1,2,0,0
10,1,1,3,1,8,680.84,142.22,1,0,4,2,0,1,1,1,2,0,2,1,1,3,1,0,0,1,1,2
18,10,0,4,4,4,403.54,120.33,2,1,3,5,3,0,0,5,1,4,3,0,0,2,0,3,1,2,0,2
8,2,0,4,4,8,902.35,167.02,4,3,4,4,1,1,1,1,2,1,2,2,1,3,1,0,0,1,1,2
22,21,0,4,4,2,96.82,116.61,3,2,4,1,2,0,0,2,1,4,1,0,0,1,0,3,1,2,0,0
17,17,0,4,4,0,1223.27,162.2,4,4,0,0,1,1,1,6,2,3,2,2,1,0,2,2,0,3,1,1
7,0,1,2,3,8,1010.62,165.61,4,3,2,4,1,1,1,2,2,0,2,1,1,3,1,0,0,1,1,2
14,12,2,1,2,1,1041.52,152.4,0,4,2,6,1,1,1,4,2,2,2,2,1,0,1,2,0,3,0,2
17,17,0,4,4,0,1207.52,167.63,4,4,0,0,1,1,1,6,2,3,2,2,1,0,2,2,0,3,1,1
7,0,1,2,3,8,1038.16,151.58,4,3,2,4,1,1,1,2,2,0,2,1,1,3,1,0,0,1,1,2
0,15,0,4,4,6,299.61,132.88,0,0,4,1,0,0,1,2,1,4,3,0,1,1,0,1,1,2,0,1
17,17,0,4,4,0,1158.98,160.95,4,4,0,0,1,1,1,6,2,3,2,2,1,0,2,2,0,3,1,1
7,0,1,2,3,8,1071.82,168.88,4,3,2,4,1,1,1,2,2,0,2,1,1,3,1,0,0,1,1,2
9,5,1,2,3,7,259.01,96.34,3,0,2,3,1,1,1,1,2,0,2,0,1,3,1,3,1,0,0,0
9,5,1,2,3,7,248.87,103.61,3,0,2,3,1,1,1,1,2,0,2,0,1,3,1,3,1,0,0,0
6,6,2,6,7,8,1061.18,160.84,1,0,2,2,1,0,1,0,2,0,2,1,1,3,1,0,0,0,1,0
16,11,0,4,4,8,627.04,125.67,3,0,1,3,0,0,0,2,1,4,3,0,1,2,0,1,1,0,0,1
3,13,0,0,5,6,302.44,112.83,3,0,4,3,0,0,0,2,1,4,3,0,0,1,0,1,1,2,0,0
4,8,0,4,0,6,427.81,115.84,0,0,4,3,0,0,0,2,0,5,3,0,1,3,0,1,1,2,0,0
11,9,0,4,0,8,697.25,133.21,3,0,2,2,0,1,1,1,2,0,2,1,1,3,1,0,2,1,1,2
23,23,0,0,5,6,117.91,97.92,3,2,4,1,2,1,0,2,1,4,1,0,0,1,0,3,1,2,0,0
3,13,0,0,5,6,339.13,107.6,3,0,4,3,0,0,0,2,1,4,3,0,0,1,0,1,1,2,0,0
14,12,2,1,2,1,1161.66,163.53,0,4,2,6,1,1,1,4,2,2,2,2,1,0,1,2,0,3,0,2
22,21,0,4,4,2,123.39,118.28,3,2,4,1,2,0,0,2,1,4,1,0,0,1,0,3,1,2,0,0
6,6,2,6,7,8,1065.46,169.21,1,0,2,2,1,0,1,0,2,0,2,1,1,3,1,0,0,0,1,0
15,22,0,4,0,8,1157.71,152.44,0,0,1,3,1,0,1,0,2,1,2,2,1,3,1,1,2,0,0,2
10,1,1,3,1,8,785.94,152.3,1,0,4,2,0,1,1,1,2,0,2,1,1,3,1,0,0,1,1,2
6,6,2,6,7,8,1048.57,178.28,1,0,2,2,1,0,1,0,2,0,2,1,1,3,1,0,0,0,1,0
4,8,0,4,0,6,311.64,125.63,0,0,4,3,0,0,0,2,0,5,3,0,1,3,0,1,1,2,0,0
21,18,0,4,0,6,313.56,114.69,3,2,4,1,3,1,0,3,1,4,0,0,0,4,1,3,1,2,0,0
5,3,0,5,6,6,342.03,103.38,3,0,4,3,0,1,0,1,1,4,3,0,1,4,0,1,1,2,0,0
20,4,0,5,6,5,502.9,121.35,2,1,3,5,3,0,0,5,1,4,3,0,0,2,0,3,1,2,0,2
13,16,0,5,6,5,351.89,143.91,0,0,2,3,1,1,1,1,1,4,2,0,1,3,1,3,1,0,0,0
7,0,1,2,3,8,1090.85,150.86,4,3,2,4,1,1,1,2,2,0,2,1,1,3,1,0,0,1,1,2
20,4,0,5,6,5,569.27,112.26,2,1,3,5,3,0,0,5,1,4,3,0,0,2,0,3,1,2,0,2
21,18,0,4,0,6,318.19,103.85,3,2,4,1,3,1,0,3,1,4,0,0,0,4,1,3,1,2,0,0
22,21,0,4,4,2,80.86,117.91,3,2,4,1,2,0,0,2,1,4,1,0,0,1,0,3,1,2,0,0
5,3,0,5,6,6,460.98,109.24,3,0,4,3,0,1,0,1,1,4,3,0,1,4,0,1,1,2,0,0
3,13,0,0,5,6,343.8,123.92,3,0,4,3,0,0,0,2,1,4,3,0,0,1,0,1,1,2,0,0
22,21,0,4,4,2,124.81,112.81,3,2,4,1,2,0,0,2,1,4,1,0,0,1,0,3,1,2,0,0
20,4,0,5,6,5,536.61,114.66,2,1,3,5,3,0,0,5,1,4,3,0,0,2,0,3,1,2,0,2
21,18,0,4,0,6,351.36,108.03,3,2,4,1,3,1,0,3,1,4,0,0,0,4,1,3,1,2,0,0
11,9,0,4,0,8,747.59,137.32,3,0,2,2,0,1,1,1,2,0,2,1,1,3,1,0,2,1,1,2
23,23,0,0,5,6,163.59,91.55,3,2,4,1,2,1,0,2,1,4,1,0,0,1,0,3,1,2,0,0
22,21,0,4,4,2,98.26,119.69,3,2,4,1,2,0,0,2,1,4,1,0,0,1,0,3,1,2,0,0
12,20,2,1,2,1,1259.58,183.06,3,3,2,4,1,1,1,4,2,1,2,1,1,0,1,2,0,3,0,2
12,20,2,1,2,1,1261.35,172.46,3,3,2,4,1,1,1,4,2,1,2,1,1,0,1,2,0,3,0,2
16,11,0,4,4,8,723.15,134.31,3,0,1,3,0,0,0,2,1,4,3,0,1,2,0,1,1,0,0,1
14,12,2,1,2,1,1105.15,165.25,0,4,2,6,1,1,1,4,2,2,2,2,1,0,1,2,0,3,0,2
10,1,1,3,1,8,658.19,141.83,1,0,4,2,0,1,1,1,2,0,2,1,1,3,1,0,0,1,1,2
